-- phpMyAdmin SQL Dump
-- version 5.2.1
-- https://www.phpmyadmin.net/
--
-- Host: 127.0.0.1
-- Generation Time: May 16, 2025 at 07:03 AM
-- Server version: 10.4.32-MariaDB
-- PHP Version: 8.2.12

SET SQL_MODE = "NO_AUTO_VALUE_ON_ZERO";
START TRANSACTION;
SET time_zone = "+00:00";


/*!40101 SET @OLD_CHARACTER_SET_CLIENT=@@CHARACTER_SET_CLIENT */;
/*!40101 SET @OLD_CHARACTER_SET_RESULTS=@@CHARACTER_SET_RESULTS */;
/*!40101 SET @OLD_COLLATION_CONNECTION=@@COLLATION_CONNECTION */;
/*!40101 SET NAMES utf8mb4 */;

--
-- Database: `device_management`
--

-- --------------------------------------------------------

--
-- Table structure for table `assignment`
--

CREATE TABLE `assignment` (
  `ass_id` int(11) NOT NULL,
  `release_date` varchar(50) DEFAULT NULL,
  `return_date` varchar(50) DEFAULT NULL,
  `requestor` varchar(255) DEFAULT NULL,
  `acc_username` varchar(255) DEFAULT NULL,
  `acc_password` varchar(255) DEFAULT NULL,
  `emp_id` int(11) NOT NULL,
  `device_id` int(11) NOT NULL
) ENGINE=InnoDB DEFAULT CHARSET=utf8mb4 COLLATE=utf8mb4_general_ci;

--
-- Dumping data for table `assignment`
--

INSERT INTO `assignment` (`ass_id`, `release_date`, `return_date`, `requestor`, `acc_username`, `acc_password`, `emp_id`, `device_id`) VALUES
(251, NULL, NULL, NULL, NULL, NULL, 1, 1),
(252, '2023-10-18 00:00:00', '2024-04-29 00:00:00', NULL, NULL, NULL, 2, 2),
(253, NULL, NULL, NULL, NULL, NULL, 3, 3),
(254, NULL, NULL, NULL, NULL, NULL, 4, 4),
(255, NULL, NULL, NULL, NULL, NULL, 5, 5),
(256, '2024-05-10 00:00:00', NULL, NULL, NULL, NULL, 6, 6),
(257, '2024-05-09 00:00:00', NULL, NULL, NULL, NULL, 7, 7),
(258, NULL, NULL, NULL, NULL, NULL, 8, 8),
(259, '2024-04-29 00:00:00', NULL, NULL, NULL, NULL, 9, 9),
(260, '2024-04-29 00:00:00', NULL, NULL, NULL, NULL, 10, 10),
(261, '2023-04-22 00:00:00', NULL, NULL, NULL, NULL, 11, 11),
(262, '2024-02-02 00:00:00', NULL, NULL, NULL, NULL, 12, 12),
(263, '2024-04-15 00:00:00', NULL, NULL, NULL, NULL, 13, 13),
(264, '2024-04-26 00:00:00', NULL, NULL, NULL, NULL, 14, 14),
(265, '2024-04-04 00:00:00', NULL, NULL, NULL, NULL, 15, 15),
(266, '2024-04-18 00:00:00', NULL, NULL, NULL, NULL, 16, 16),
(267, '2024-04-02 00:00:00', NULL, NULL, NULL, NULL, 17, 17),
(268, '2024-04-02 00:00:00', '2024-05-06 00:00:00', NULL, NULL, NULL, 18, 18),
(269, '2024-04-22 00:00:00', NULL, NULL, NULL, NULL, 19, 19),
(270, NULL, NULL, NULL, NULL, NULL, 20, 20),
(271, NULL, NULL, NULL, NULL, NULL, 21, 21),
(272, NULL, NULL, NULL, NULL, NULL, 22, 22),
(273, '2024-03-20 00:00:00', NULL, NULL, NULL, NULL, 23, 23),
(274, '2024-04-11 00:00:00', NULL, NULL, NULL, NULL, 24, 24),
(275, '2024-03-05 00:00:00', '2024-03-14 00:00:00', NULL, NULL, NULL, 25, 25),
(276, '2024-03-06 00:00:00', NULL, NULL, NULL, NULL, 26, 26),
(277, '2024-03-14 00:00:00', NULL, NULL, NULL, NULL, 27, 27),
(278, '2024-04-29 00:00:00', NULL, NULL, NULL, NULL, 28, 28),
(279, '2024-03-20 00:00:00', '2024-03-22 00:00:00', NULL, NULL, NULL, 29, 29),
(280, NULL, NULL, NULL, NULL, NULL, 30, 30),
(281, '2024-03-08 00:00:00', NULL, NULL, NULL, NULL, 31, 31),
(282, NULL, NULL, NULL, NULL, NULL, 32, 32),
(283, NULL, '2024-04-26 00:00:00', NULL, NULL, NULL, 33, 33),
(284, '2024-02-26 00:00:00', NULL, NULL, NULL, NULL, 34, 34),
(285, '2024-02-22 00:00:00', NULL, NULL, NULL, NULL, 35, 35),
(286, '2024-02-12 00:00:00', NULL, NULL, NULL, NULL, 36, 36),
(287, '2024-02-12 00:00:00', NULL, NULL, NULL, NULL, 37, 37),
(288, '2024-02-05 00:00:00', NULL, NULL, NULL, NULL, 38, 38),
(289, '2024-02-01 00:00:00', NULL, NULL, NULL, NULL, 39, 39),
(290, '2024-01-31 00:00:00', '2024-03-06 00:00:00', NULL, NULL, NULL, 40, 40),
(291, NULL, NULL, NULL, NULL, NULL, 41, 41),
(292, '2024-02-06 00:00:00', '2024-03-19 00:00:00', NULL, NULL, NULL, 42, 42),
(293, '2024-03-11 00:00:00', NULL, NULL, NULL, NULL, 43, 43),
(294, '2024-01-30 00:00:00', '2024-02-28 00:00:00', NULL, NULL, NULL, 44, 44),
(295, '2024-02-05 00:00:00', NULL, NULL, NULL, NULL, 45, 45),
(296, '2024-04-29 00:00:00', NULL, NULL, NULL, NULL, 46, 46),
(297, '2023-10-18 00:00:00', '2024-04-15 00:00:00', NULL, NULL, NULL, 47, 47),
(298, '2023-09-29 00:00:00', '2023-10-13 00:00:00', NULL, NULL, NULL, 48, 48),
(299, '2023-11-23 00:00:00', '2024-04-11 00:00:00', NULL, NULL, NULL, 49, 49),
(300, '2023-09-29 00:00:00', '2023-10-19 00:00:00', NULL, NULL, NULL, 50, 50),
(301, '2023-10-20 00:00:00', NULL, NULL, NULL, NULL, 51, 51),
(302, '2023-10-05 00:00:00', NULL, NULL, NULL, NULL, 52, 52),
(303, '2023-11-06 00:00:00', NULL, NULL, NULL, NULL, 53, 53),
(304, '2023-11-23 00:00:00', NULL, NULL, NULL, NULL, 54, 54),
(305, '2024-03-12 00:00:00', NULL, NULL, NULL, NULL, 55, 55),
(306, '2023-12-04 00:00:00', '2023-12-19 00:00:00', NULL, NULL, NULL, 56, 56),
(307, '2023-10-16 00:00:00', '2024-03-18 00:00:00', NULL, NULL, NULL, 57, 57),
(308, '2023-11-08 00:00:00', NULL, NULL, NULL, NULL, 58, 58),
(309, '2023-10-13 00:00:00', '2023-10-14 00:00:00', NULL, NULL, NULL, 59, 59),
(310, '2023-10-09 00:00:00', NULL, NULL, NULL, NULL, 60, 60),
(311, '2023-12-06 00:00:00', NULL, NULL, NULL, NULL, 61, 61),
(312, '2023-11-07 00:00:00', '2023-11-21 00:00:00', NULL, NULL, NULL, 62, 62),
(313, '2023-10-23 00:00:00', '2023-11-07 00:00:00', NULL, NULL, NULL, 63, 63),
(314, '2024-01-05 00:00:00', '2024-03-19 00:00:00', NULL, NULL, NULL, 64, 64),
(315, '2023-10-23 00:00:00', '2024-01-05 00:00:00', NULL, NULL, NULL, 65, 65),
(316, '2023-11-20 00:00:00', NULL, NULL, NULL, NULL, 66, 66),
(317, '2024-04-29 00:00:00', NULL, NULL, NULL, NULL, 67, 67),
(318, '2024-01-08 00:00:00', '2024-04-22 00:00:00', NULL, NULL, NULL, 68, 68),
(319, '2024-01-26 00:00:00', NULL, NULL, NULL, NULL, 69, 69),
(320, '2024-04-15 00:00:00', NULL, NULL, NULL, NULL, 70, 70),
(321, '2023-12-16 00:00:00', '2023-03-14 00:00:00', NULL, NULL, NULL, 71, 71),
(322, '2023-10-26 00:00:00', '2023-11-27 00:00:00', NULL, NULL, NULL, 72, 72),
(323, '2023-10-10 00:00:00', '2023-10-15 00:00:00', NULL, NULL, NULL, 73, 73),
(324, '2023-11-29 00:00:00', NULL, NULL, NULL, NULL, 74, 74),
(325, '2024-01-29 00:00:00', NULL, NULL, NULL, NULL, 75, 75),
(326, '2023-10-09 00:00:00', NULL, NULL, NULL, NULL, 76, 76),
(327, '2023-10-13 00:00:00', NULL, NULL, NULL, NULL, 77, 77),
(328, '2024-03-20 00:00:00', NULL, NULL, NULL, NULL, 78, 78),
(329, '2023-10-11 00:00:00', '2024-03-20 00:00:00', NULL, NULL, NULL, 79, 79),
(330, '2024-05-02 00:00:00', NULL, NULL, NULL, NULL, 80, 80),
(331, '2023-11-17 00:00:00', '2024-05-02 00:00:00', NULL, NULL, NULL, 81, 81),
(332, '2023-10-03 00:00:00', NULL, NULL, NULL, NULL, 82, 82),
(333, '2023-12-04 00:00:00', NULL, NULL, NULL, NULL, 83, 83),
(334, '2023-11-06 00:00:00', '2023-11-17 00:00:00', NULL, NULL, NULL, 84, 84),
(335, '2023-10-04 00:00:00', NULL, NULL, NULL, NULL, 85, 85),
(336, NULL, NULL, NULL, NULL, NULL, 86, 86),
(337, '2023-10-04 00:00:00', '2024-04-15 00:00:00', NULL, NULL, NULL, 87, 87),
(338, '2023-10-09 00:00:00', NULL, NULL, NULL, NULL, 88, 88),
(339, '2023-12-06 00:00:00', '2024-05-17 00:00:00', NULL, NULL, NULL, 89, 89),
(340, '2023-12-04 00:00:00', NULL, NULL, NULL, NULL, 90, 90),
(341, '2023-12-06 00:00:00', '2024-05-17 00:00:00', NULL, NULL, NULL, 91, 91),
(342, '2023-10-23 00:00:00', '2024-05-10 00:00:00', NULL, NULL, NULL, 92, 92),
(343, '2023-10-23 00:00:00', NULL, NULL, NULL, NULL, 93, 93),
(344, '2023-12-06 00:00:00', NULL, NULL, NULL, NULL, 94, 94),
(345, '2023-10-24 00:00:00', NULL, NULL, NULL, NULL, 95, 95),
(346, '2023-10-24 00:00:00', NULL, NULL, NULL, NULL, 96, 96),
(347, '2023-10-23 00:00:00', NULL, NULL, NULL, NULL, 97, 97),
(348, '2023-10-23 00:00:00', NULL, NULL, NULL, NULL, 98, 98),
(349, '2023-11-09 00:00:00', NULL, NULL, NULL, NULL, 99, 99),
(350, '2023-11-06 00:00:00', NULL, NULL, NULL, NULL, 100, 100),
(351, '2023-11-22 00:00:00', NULL, NULL, NULL, NULL, 101, 101),
(352, '2023-10-28 00:00:00', NULL, NULL, NULL, NULL, 102, 102),
(353, '2023-11-10 00:00:00', NULL, NULL, NULL, NULL, 103, 103),
(354, '2023-11-15 00:00:00', NULL, NULL, NULL, NULL, 104, 104),
(355, '2023-11-17 00:00:00', NULL, NULL, NULL, NULL, 105, 105),
(356, '2023-02-15 00:00:00', '2024-05-07 00:00:00', NULL, NULL, NULL, 106, 106),
(357, '2023-11-17 00:00:00', '2024-02-15 00:00:00', NULL, NULL, NULL, 107, 107),
(358, '2023-11-17 00:00:00', NULL, NULL, NULL, NULL, 108, 108),
(359, '2024-02-01 00:00:00', NULL, NULL, NULL, NULL, 109, 109),
(360, '2023-11-17 00:00:00', '2024-02-01 00:00:00', NULL, NULL, NULL, 110, 110),
(361, '2023-10-23 00:00:00', NULL, NULL, NULL, NULL, 111, 111),
(362, '2024-02-06 00:00:00', '2024-05-07 00:00:00', NULL, NULL, NULL, 112, 112),
(363, '2023-11-17 00:00:00', '2024-02-02 00:00:00', NULL, NULL, NULL, 113, 113),
(364, '2023-09-29 00:00:00', NULL, NULL, NULL, NULL, 114, 114),
(365, '2023-11-28 00:00:00', NULL, NULL, NULL, NULL, 115, 115),
(366, '2023-11-15 00:00:00', NULL, NULL, NULL, NULL, 116, 116),
(367, '2024-02-12 00:00:00', NULL, NULL, NULL, NULL, 117, 117),
(368, '2023-09-27 00:00:00', '2024-02-12 00:00:00', NULL, NULL, NULL, 118, 118),
(369, '2023-10-17 00:00:00', NULL, NULL, NULL, NULL, 119, 119),
(370, '2023-10-20 00:00:00', NULL, NULL, NULL, NULL, 120, 120),
(371, '2023-09-27 00:00:00', NULL, NULL, NULL, NULL, 121, 121),
(372, '2024-02-21 00:00:00', NULL, NULL, NULL, NULL, 122, 122),
(373, '2023-10-18 00:00:00', '2024-01-19 00:00:00', NULL, NULL, NULL, 123, 123),
(374, '2023-12-19 00:00:00', '2024-03-14 00:00:00', NULL, NULL, NULL, 124, 124),
(375, '2023-10-17 00:00:00', NULL, NULL, NULL, NULL, 125, 125),
(376, '2023-12-14 00:00:00', '2024-03-25 00:00:00', NULL, NULL, NULL, 126, 126),
(377, '2023-10-26 00:00:00', '2023-12-01 00:00:00', NULL, NULL, NULL, 127, 127),
(378, '2023-10-26 00:00:00', '2024-01-16 00:00:00', NULL, NULL, NULL, 128, 128),
(379, '2023-12-12 00:00:00', '2024-05-02 00:00:00', NULL, NULL, NULL, 129, 129),
(380, NULL, '2024-04-12 00:00:00', NULL, NULL, NULL, 130, 130),
(381, '2023-10-26 00:00:00', '2024-02-02 00:00:00', NULL, NULL, NULL, 131, 131),
(382, '2023-11-10 00:00:00', '2023-11-14 00:00:00', NULL, NULL, NULL, 132, 132),
(383, '2023-10-18 00:00:00', '2023-11-09 00:00:00', NULL, NULL, NULL, 133, 133),
(384, '2024-04-29 00:00:00', NULL, NULL, NULL, NULL, 134, 134),
(385, '2024-04-29 00:00:00', '2024-05-02 00:00:00', NULL, NULL, NULL, 135, 135),
(386, '2024-03-18 00:00:00', NULL, NULL, NULL, NULL, 136, 136),
(387, NULL, '2024-01-15 00:00:00', NULL, NULL, NULL, 137, 137),
(388, '2023-11-28 00:00:00', '2023-12-12 00:00:00', NULL, NULL, NULL, 138, 138),
(389, '2023-10-25 00:00:00', '2023-11-20 00:00:00', NULL, NULL, NULL, 139, 139),
(390, '2023-10-11 00:00:00', '2023-10-23 00:00:00', NULL, NULL, NULL, 140, 140),
(391, '2024-01-18 00:00:00', NULL, NULL, NULL, NULL, 141, 141),
(392, '2023-11-08 00:00:00', '2023-11-16 00:00:00', NULL, NULL, NULL, 142, 142),
(393, '2023-12-21 00:00:00', '2024-05-07 00:00:00', NULL, NULL, NULL, 143, 143),
(394, '2023-11-06 00:00:00', '2024-05-02 00:00:00', NULL, NULL, NULL, 144, 144),
(395, '2023-10-20 00:00:00', '2024-05-15 00:00:00', NULL, NULL, NULL, 145, 145),
(396, '2024-01-15 00:00:00', NULL, NULL, NULL, NULL, 146, 146),
(397, '2/2/20243', NULL, NULL, NULL, NULL, 147, 147),
(398, '2023-10-20 00:00:00', '2024-02-02 00:00:00', NULL, NULL, NULL, 148, 148),
(399, '2023-11-09 00:00:00', NULL, NULL, NULL, NULL, 149, 149),
(400, '2023-10-09 00:00:00', NULL, NULL, NULL, NULL, 150, 150),
(401, '2023-10-17 00:00:00', NULL, NULL, NULL, NULL, 151, 151),
(402, '2023-09-27 00:00:00', NULL, NULL, NULL, NULL, 152, 152),
(403, '2023-10-05 00:00:00', NULL, NULL, NULL, NULL, 153, 153),
(404, '2023-10-05 00:00:00', NULL, NULL, NULL, NULL, 154, 154),
(405, '2023-10-05 00:00:00', NULL, NULL, NULL, NULL, 155, 155),
(406, '2023-03-21 00:00:00', NULL, NULL, NULL, NULL, 156, 156),
(407, '2024-01-17 00:00:00', '2024-03-14 00:00:00', NULL, NULL, NULL, 157, 157),
(408, NULL, '2023-12-01 00:00:00', NULL, NULL, NULL, 158, 158),
(409, '2023-10-24 00:00:00', '2023-04-24 00:00:00', NULL, NULL, NULL, 159, 159),
(410, '2023-10-17 00:00:00', '2023-10-23 00:00:00', NULL, NULL, NULL, 160, 160),
(411, '2024-02-19 00:00:00', NULL, NULL, NULL, NULL, 161, 161),
(412, '2023-12-29 00:00:00', '2024-02-13 00:00:00', NULL, NULL, NULL, 162, 162),
(413, '2023-10-04 00:00:00', NULL, NULL, NULL, NULL, 163, 163),
(414, '2023-10-05 00:00:00', NULL, NULL, NULL, NULL, 164, 164),
(415, '2023-11-09 00:00:00', NULL, NULL, NULL, NULL, 165, 165),
(416, '2023-11-09 00:00:00', NULL, NULL, NULL, NULL, 166, 166),
(417, '2023-11-09 00:00:00', '2023-11-09 00:00:00', NULL, NULL, NULL, 167, 167),
(418, '2023-11-22 00:00:00', '2024-02-16 00:00:00', NULL, NULL, NULL, 168, 168),
(419, '2023-11-23 00:00:00', NULL, NULL, NULL, NULL, 169, 169),
(420, '2024-02-02 00:00:00', '2024-02-21 00:00:00', NULL, NULL, NULL, 170, 170),
(421, '2024-01-05 00:00:00', '2024-02-02 00:00:00', NULL, NULL, NULL, 171, 171),
(422, '2023-11-09 00:00:00', '2024-01-05 00:00:00', NULL, NULL, NULL, 172, 172),
(423, '2023-10-04 00:00:00', NULL, NULL, NULL, NULL, 173, 173),
(424, '2023-09-29 00:00:00', NULL, NULL, NULL, NULL, 174, 174),
(425, NULL, NULL, NULL, NULL, NULL, 175, 175),
(426, '2023-09-28 00:00:00', NULL, NULL, NULL, NULL, 176, 176),
(427, '2023-10-03 00:00:00', NULL, NULL, NULL, NULL, 177, 177),
(428, '2023-11-09 00:00:00', NULL, NULL, NULL, NULL, 178, 178),
(429, '2023-11-14 00:00:00', NULL, NULL, NULL, NULL, 179, 179),
(430, '2023-11-13 00:00:00', NULL, NULL, NULL, NULL, 180, 180),
(431, '2023-11-13 00:00:00', NULL, NULL, NULL, NULL, 181, 181),
(432, '2023-11-15 00:00:00', NULL, NULL, NULL, NULL, 182, 182),
(433, '2023-11-13 00:00:00', NULL, NULL, NULL, NULL, 183, 183),
(434, '2024-03-06 00:00:00', '2024-04-22 00:00:00', NULL, NULL, NULL, 184, 184),
(435, '2023-11-14 00:00:00', '2024-02-07 00:00:00', NULL, NULL, NULL, 185, 185),
(436, '2023-11-14 00:00:00', NULL, NULL, NULL, NULL, 186, 186),
(437, '2023-11-14 00:00:00', NULL, NULL, NULL, NULL, 187, 187),
(438, '2023-11-24 00:00:00', '2024-03-05 00:00:00', NULL, NULL, NULL, 188, 188),
(439, '2023-12-19 00:00:00', '2024-03-04 00:00:00', NULL, NULL, NULL, 189, 189),
(440, '2023-10-10 00:00:00', '2024-03-22 00:00:00', NULL, NULL, NULL, 190, 190),
(441, '2023-11-08 00:00:00', NULL, NULL, NULL, NULL, 191, 191),
(442, '2023-10-04 00:00:00', '2023-03-18 00:00:00', NULL, NULL, NULL, 192, 192),
(443, '2023-10-26 00:00:00', NULL, NULL, NULL, NULL, 193, 193),
(444, '2024-03-25 00:00:00', NULL, NULL, NULL, NULL, 194, 194),
(445, '2023-10-11 00:00:00', '2024-03-13 00:00:00', NULL, NULL, NULL, 195, 195),
(446, NULL, NULL, NULL, NULL, NULL, 196, 196),
(447, '2023-10-04 00:00:00', '2024-03-18 00:00:00', NULL, NULL, NULL, 197, 197),
(448, '2023-10-26 00:00:00', NULL, NULL, NULL, NULL, 198, 198),
(449, '2023-12-06 00:00:00', NULL, NULL, NULL, NULL, 199, 199),
(450, '2023-10-17 00:00:00', NULL, NULL, NULL, NULL, 200, 200),
(451, '2023-10-13 00:00:00', NULL, NULL, NULL, NULL, 201, 201),
(452, '2023-10-10 00:00:00', NULL, NULL, NULL, NULL, 202, 202),
(453, '2023-11-23 00:00:00', NULL, NULL, NULL, NULL, 203, 203),
(454, '2023-01-04 00:00:00', NULL, NULL, NULL, NULL, 204, 204),
(455, '2024-01-08 00:00:00', '2024-04-01 00:00:00', NULL, NULL, NULL, 205, 205),
(456, '2024-01-16 00:00:00', NULL, NULL, NULL, NULL, 206, 206),
(457, '2024-05-07 00:00:00', NULL, NULL, NULL, NULL, 207, 207),
(458, '2024-01-16 00:00:00', '2024-04-26 00:00:00', NULL, NULL, NULL, 208, 208),
(459, '2024-03-07 00:00:00', NULL, NULL, NULL, NULL, 209, 209),
(460, '2024-01-17 00:00:00', '2024-02-27 00:00:00', NULL, NULL, NULL, 210, 210),
(461, '2024-01-18 00:00:00', NULL, NULL, NULL, NULL, 211, 211),
(462, '2024-01-22 00:00:00', NULL, NULL, NULL, NULL, 212, 212),
(463, '2024-01-23 00:00:00', NULL, NULL, NULL, NULL, 213, 213),
(464, '2024-02-16 00:00:00', NULL, NULL, NULL, NULL, 214, 214),
(465, '2024-02-16 00:00:00', NULL, NULL, NULL, NULL, 215, 215),
(466, '2024-02-02 00:00:00', '2024-04-18 00:00:00', NULL, NULL, NULL, 216, 216),
(467, NULL, NULL, NULL, NULL, NULL, 217, 217),
(468, '2024-02-15 00:00:00', NULL, NULL, NULL, NULL, 218, 218),
(469, '2024-02-15 00:00:00', NULL, NULL, NULL, NULL, 219, 219),
(470, '2024-02-15 00:00:00', NULL, NULL, NULL, NULL, 220, 220),
(471, '2024-02-15 00:00:00', NULL, NULL, NULL, NULL, 221, 221),
(472, '2024-02-15 00:00:00', NULL, NULL, NULL, NULL, 222, 222),
(473, '2024-02-15 00:00:00', NULL, NULL, NULL, NULL, 223, 223),
(474, '2024-02-15 00:00:00', NULL, NULL, NULL, NULL, 224, 224),
(475, '2024-02-20 00:00:00', NULL, NULL, NULL, NULL, 225, 225),
(476, '2024-02-16 00:00:00', NULL, NULL, NULL, NULL, 226, 226),
(477, '2024-02-15 00:00:00', NULL, NULL, NULL, NULL, 227, 227),
(478, '2024-02-21 00:00:00', NULL, NULL, NULL, NULL, 228, 228),
(479, '2024-02-21 00:00:00', NULL, NULL, NULL, NULL, 229, 229),
(480, '2024-02-27 00:00:00', NULL, NULL, NULL, NULL, 230, 230),
(481, '2024-02-28 00:00:00', NULL, NULL, NULL, NULL, 231, 231),
(482, '2024-03-01 00:00:00', NULL, NULL, NULL, NULL, 232, 232),
(483, '2024-03-13 00:00:00', '2024-05-10 00:00:00', NULL, NULL, NULL, 233, 233),
(484, '2024-03-11 00:00:00', NULL, NULL, NULL, NULL, 234, 234),
(485, '2024-03-05 00:00:00', NULL, NULL, NULL, NULL, 235, 235),
(486, '2024-03-11 00:00:00', NULL, NULL, NULL, NULL, 236, 236),
(487, '2024-03-18 00:00:00', '2024-04-30 00:00:00', NULL, NULL, NULL, 237, 237),
(488, '2024-03-13 00:00:00', NULL, NULL, NULL, NULL, 238, 238),
(489, '2024-03-13 00:00:00', NULL, NULL, NULL, NULL, 239, 239),
(490, '2024-03-22 00:00:00', NULL, NULL, NULL, NULL, 240, 240),
(491, '2024-03-14 00:00:00', NULL, NULL, NULL, NULL, 241, 241),
(492, '2024-04-01 00:00:00', NULL, NULL, NULL, NULL, 242, 242),
(493, '2024-03-14 00:00:00', NULL, NULL, NULL, NULL, 243, 243),
(494, '2024-03-19 00:00:00', '2024-05-13 00:00:00', NULL, NULL, NULL, 244, 244),
(495, '2024-03-19 00:00:00', NULL, NULL, NULL, NULL, 245, 245),
(496, '2024-03-20 00:00:00', NULL, NULL, NULL, NULL, 246, 246),
(497, '2024-04-08 00:00:00', NULL, NULL, NULL, NULL, 247, 247),
(498, NULL, NULL, NULL, NULL, NULL, 248, 248),
(499, '2024-04-26 00:00:00', NULL, NULL, NULL, NULL, 249, 249),
(500, '2024-04-12 00:00:00', NULL, NULL, NULL, NULL, 250, 250),
(501, NULL, NULL, NULL, NULL, NULL, 251, 251),
(502, '2024-04-11 00:00:00', NULL, NULL, NULL, NULL, 252, 252),
(503, '2024-04-11 00:00:00', NULL, NULL, NULL, NULL, 253, 253),
(504, '2024-04-03 00:00:00', NULL, NULL, NULL, NULL, 254, 254),
(505, '2024-04-08 00:00:00', NULL, NULL, NULL, NULL, 255, 255),
(506, '2024-04-08 00:00:00', NULL, NULL, NULL, NULL, 256, 256),
(507, NULL, NULL, NULL, NULL, NULL, 257, 257),
(508, '2024-04-11 00:00:00', NULL, NULL, NULL, NULL, 258, 258),
(509, '2024-05-13 00:00:00', NULL, NULL, NULL, NULL, 259, 259),
(510, '2024-05-13 00:00:00', NULL, NULL, NULL, NULL, 260, 260),
(511, '2025-03-28 16:56:55', NULL, 'Lance Bernal', 'jjb', 'tyfckhjh', 261, 261);

-- --------------------------------------------------------

--
-- Table structure for table `business_unit`
--

CREATE TABLE `business_unit` (
  `bu_id` int(11) NOT NULL,
  `bu_name` varchar(255) NOT NULL
) ENGINE=InnoDB DEFAULT CHARSET=utf8mb4 COLLATE=utf8mb4_general_ci;

--
-- Dumping data for table `business_unit`
--

INSERT INTO `business_unit` (`bu_id`, `bu_name`) VALUES
(4, 'ALLDAY MARTS INC.'),
(5, 'ALLDAY RETAIL CONCEPTS INC.'),
(9, 'ALLEASY, INC.'),
(7, 'ALLGREEN RETAIL, INC.'),
(1, 'ALLHOME CORP.'),
(6, 'CMSTAR MANAGEMENT, INC.'),
(3, 'FAMILY SHOPPERS UNLIMITED, INC.'),
(8, 'PARALLAX, INC.'),
(2, 'THE VILLAGE SERVER, INC.');

-- --------------------------------------------------------

--
-- Table structure for table `department`
--

CREATE TABLE `department` (
  `dept_id` int(11) NOT NULL,
  `dept_name` varchar(100) NOT NULL
) ENGINE=InnoDB DEFAULT CHARSET=utf8mb4 COLLATE=utf8mb4_general_ci;

--
-- Dumping data for table `department`
--

INSERT INTO `department` (`dept_id`, `dept_name`) VALUES
(12, 'ACCOUNTING'),
(18, 'ACCOUNTING - INVENTORY'),
(24, 'AUDIT'),
(6, 'BUSINESS SYSTEM'),
(2, 'CENTRAL - OPERATIONS'),
(16, 'CENTRAL OPERATIONS'),
(7, 'E- COMMERCE'),
(3, 'ENGINEERING'),
(1, 'FACILITIES MANAGEMENT'),
(9, 'FINANCE'),
(17, 'FINANCE - CREDIT & COLLECTION'),
(19, 'FINANCE - OPERATIONS'),
(20, 'HUMAN RESOURCES'),
(27, 'INFORMATION TECHNOLOGY'),
(15, 'INTERIOR DESIGN'),
(29, 'IT'),
(28, 'LEGAL'),
(13, 'LOST AND PREVENTION DEPARTMENT'),
(11, 'MARKETING'),
(14, 'MERCHANDISING'),
(22, 'MIS'),
(25, 'PLANNING'),
(21, 'PURCHASING'),
(5, 'REPLENISHMENT'),
(8, 'STORE - OPERATIONS'),
(10, 'SUPPLY CHAIN'),
(23, 'TRAINING'),
(4, 'VISUALS'),
(26, 'WAREHOUSE - DC');

-- --------------------------------------------------------

--
-- Table structure for table `designation`
--

CREATE TABLE `designation` (
  `des_id` int(11) NOT NULL,
  `des_name` varchar(255) NOT NULL
) ENGINE=InnoDB DEFAULT CHARSET=utf8mb4 COLLATE=utf8mb4_general_ci;

--
-- Dumping data for table `designation`
--

INSERT INTO `designation` (`des_id`, `des_name`) VALUES
(81, '64 SOMBRERO OPERATION'),
(56, 'ACCOUNTING'),
(16, 'ACCOUNTING ASSISTANT'),
(31, 'ACCOUNTING LPD'),
(104, 'ACCOUNTING OFFICER'),
(54, 'ACCOUNTING SUPERVISOR'),
(60, 'AREA HEAD'),
(8, 'AREA MANAGER'),
(74, 'ASSISTANT'),
(98, 'ASSISTANT MERCHANDISING'),
(72, 'AUDIT STAFF'),
(30, 'AUDITOR'),
(69, 'AUDITOR ASSISTANT'),
(22, 'BAKEMYDAY HEAD'),
(28, 'BILLING'),
(15, 'BILLING/ CREDIT AND COLLECTION SPECIALIST'),
(114, 'BRANCH HEAD'),
(119, 'BRANCH HEAD -CINEMA MALOLOS'),
(118, 'BRANCH HEAD -CINEMA SJDM'),
(117, 'BRANCH HEAD -KC FLORIAD'),
(116, 'BRANCH HEAD -KC ILOILO'),
(115, 'BRANCH HEAD -KC NAGA'),
(105, 'BUYER'),
(66, 'BUYER MERCHANDISING'),
(37, 'CATEGORY BUYER'),
(45, 'CATEGORY MANAGER'),
(7, 'CHAT SUPPORT'),
(80, 'CLUSTER HEAD OPERATION'),
(77, 'CLUSTER HEAD OPERATIONAL'),
(90, 'COMPLIANCE AUDIT LEAD'),
(75, 'COMPLIANCE AUDIT STAFF'),
(44, 'CONSULTANT'),
(110, 'CONTROL TOWER LEAD'),
(50, 'CORP. CHEF BRITANNY DAANGHARI'),
(2, 'CREDIT SALES'),
(32, 'DATA ENCODER'),
(46, 'DIVISION HEAD MERCHANDISING'),
(112, 'DIY'),
(89, 'ECOM'),
(47, 'ECOMM - CSR'),
(76, 'ECOMM LEAD'),
(121, 'EXECUTIVE ASSISTANT'),
(42, 'FACILITIES ENGINEER'),
(108, 'FACILITIES ENGINEER (M2)'),
(13, 'FINANCE'),
(109, 'FINANCE CHECKOUT HEAD'),
(9, 'FINANCE STAFF'),
(1, 'FM HELPDESK'),
(19, 'GRAPHIC ARTIST'),
(33, 'GRAPHIC ARTIST - WCC'),
(82, 'HELPDESK - ADMIN'),
(100, 'HR'),
(39, 'HR ADMIN ASSISTANT'),
(70, 'HR HEAD'),
(53, 'HR RECRUITMENT'),
(67, 'HR RECRUITMENT ASSISTANT'),
(61, 'HRD - TRAINING'),
(78, 'HUMAN RESOURCE'),
(124, 'INVENTORY CONTROL'),
(34, 'INVENTORY CONTROL ANALYST'),
(97, 'INVENTORY CONTROL SUPERVISOR'),
(101, 'INVENTORY CONTROLLER'),
(85, 'INVENTORY SUPERVISOR'),
(57, 'IT'),
(40, 'IT - OSS'),
(88, 'IT - OSS GENTRI'),
(87, 'IT - OSS KAWIT'),
(6, 'IT - SUPPORT'),
(51, 'IT SPECIALIST TELCO COORDINATOR'),
(17, 'JR SUPERVISOR QUEZON CITY'),
(92, 'JR. MULTIMEDIA ARTIST'),
(36, 'JUNIOR COST ACCOUNTANT'),
(25, 'JUNIOR DESIGNER'),
(71, 'KAL / NN CLUSTER HEAD'),
(95, 'LITIGATION LAWYER'),
(10, 'LOGISTICS AND WAREHOUSE MANAGER'),
(43, 'LOSS AND PREVENTION AUDIT'),
(23, 'LOSS AND PREVENTION AUDIT SUPERVISOR'),
(86, 'LS FUNCTIONAL'),
(94, 'MANAGER'),
(48, 'MAPI - GRAPHIC ARTIST'),
(14, 'MARKETING ASSISTANT'),
(18, 'MARKETING ASSISTANT HQ'),
(125, 'MARKETING HEAD'),
(123, 'MARKETING LEAD'),
(83, 'MARKETING OFFICER'),
(107, 'MARKETING SUPERVISOR - DIGITAL LEAD'),
(91, 'MDC'),
(122, 'MERCH BUYER'),
(106, 'MERCHANDISING HEAD'),
(24, 'MERCHANDISING MANAGER'),
(103, 'OPERATION / FINANCE HEAD'),
(27, 'OPERATION ASSISTANT'),
(102, 'OPERATION FINANCE SUPERVISOR'),
(93, 'OPERATION HEAD'),
(73, 'OPERATION HEAD FOOD GROUP'),
(113, 'OPS ASSISTANT'),
(79, 'PLANNING LEAD'),
(84, 'PRIVATE LABEL MANAGER'),
(35, 'PROJECT TEAM SSA'),
(62, 'PURCHASING'),
(52, 'PURCHASING HEAD'),
(3, 'QS ENGINEERING'),
(65, 'REGIONAL STORE SUPERVISOR ADMIN'),
(11, 'REPLENISHMENT ANALYST'),
(5, 'REPLENISHMENT DEPT'),
(49, 'REPLENISHMENT SUPERVISOR'),
(111, 'RIDER DISBURSEMENT & ADMIN'),
(12, 'SAP FUNCTIONAL'),
(20, 'SENIOR BRAND MARKETING MANAGER HQ'),
(58, 'SENIOR COST ACCOUNTANT'),
(29, 'SENIOR MARKETING LOCAL STORE'),
(21, 'SENIOR MARKETING WCC'),
(64, 'SSA'),
(63, 'SUPPLY CHAIN PLANNER'),
(38, 'SUPPLY CHAIN PLANNING'),
(68, 'SUPPLY CHAIN PLANNING HEAD'),
(55, 'SUPPLY CHAIN SUPERVISOR'),
(120, 'SYSTEM ADMINISTRATOR'),
(41, 'TEAM LEADER'),
(99, 'TRAINING ASSISTANT'),
(59, 'TRAINING OFFICER'),
(96, 'TRAINING SPECIALIST'),
(4, 'VISUAL DESIGNER'),
(26, 'WAREHOUSE SUPERVISOR');

-- --------------------------------------------------------

--
-- Table structure for table `device`
--

CREATE TABLE `device` (
  `device_id` int(11) NOT NULL,
  `computer_name` varchar(255) DEFAULT NULL,
  `serial_number` varchar(255) DEFAULT NULL,
  `model` varchar(255) DEFAULT NULL,
  `device_type` varchar(50) DEFAULT NULL,
  `brand` varchar(100) DEFAULT 'LAPTOP',
  `specs` text DEFAULT NULL,
  `status` varchar(50) DEFAULT NULL,
  `remarks` text DEFAULT NULL,
  `last_device_user` varchar(255) DEFAULT NULL
) ENGINE=InnoDB DEFAULT CHARSET=utf8mb4 COLLATE=utf8mb4_general_ci;

--
-- Dumping data for table `device`
--

INSERT INTO `device` (`device_id`, `computer_name`, `serial_number`, `model`, `device_type`, `brand`, `specs`, `status`, `remarks`, `last_device_user`) VALUES
(1, 'AVCMI-FM-', 'PW023JZW', 'ThinkBook 13s G2 ITL', 'LAPTOP', 'LENOVO', 'i5/8 GB DDR4/512 GB HDD/14.0\"/WIN 10 PRO 64 BIT/CHARGER/3 YRS WARRANTY', 'Released', '5/17/2024 RETURNED By Clarize Cece FM', NULL),
(2, 'AVAHC-OPS-001', '1V9CRK3', '15 3000 INSPIRON', 'LAPTOP', 'DELL', 'i5-1135g7 / 8GB RAM / 512  / 15.6\" / WIN 11 PRO / 3 YRS /  /CHARGER', 'Released', NULL, NULL),
(3, 'AVTVSI-PLAN-001', 'PF1T1XX3', 'Legion 5-15IMH05', 'LAPTOP', 'LENOVO', 'i7/16GB DDR5/512 GB SSD/16.0\"/WIN11 PRO 64 BIT/CHARGER/3 YRS WARRANTY', 'Released', '04/29/2024Ms. Jessebel Mae returned the laptop Ms. Rachelle', NULL),
(4, 'AVAHC-VIS-001', '9S716R6121266ZN3000065', 'GF63 Thin 11SC', 'LAPTOP', 'MSI', 'i7/16 GB DDR4/512 GB SSD/15.6\"/WIN 11 PRO 64 BIT /CHARGER/3 YRS WARRANTY', 'Released', '9/7/2023 returned laptop to Ms. Rachelle, then 5/10/2024 Ms. Fam requesting to Transfer Ms. Cabrera for temporarily used due to her exisiting laptop HDD problem Serial C93VWD3', NULL),
(5, 'AVARCI-REP-002', 'PF29Y9TF', 'IDEAPAD 3-14IIL05 - Type 81WD', 'LAPTOP', 'LENOVO', 'i5/8 GB DDR4/512 GB SSD/14.0\"/WIN 10 PRO 64 BIT/CHARGER/3 YRS WARRANTY', 'Released', '5/14/2024 returned laptop to Ms Rachelle', NULL),
(6, 'AVARCI-ITG-001', '5CD145BWKV', '440 G08 PROBOOK', 'LAPTOP', 'HP', 'I5/16 GB DDR5/512 GB SSD /14\'\'/WIN 11 PRO 64 BIT/CHARGER/3 YRS WARRANTY', 'Released', '5/9/24 returned laptop to Ms. Rachelle, 5/10/24 transfer to Lyca Bautro', NULL),
(7, 'AVAHC-ECOM-001', 'PF27CVET', 'IDEAPAD 3-14IIL05 - Type 81WD', 'LAPTOP', 'LENOVO', 'i5/8 GB DDR4/512 GB SSD/14.0\"/WIN 10 PRO 64 BIT/CHARGER/3 YRS WARRANTY', 'Released', '3/5/2024 RETURNED BY MS. MARA TO MS RACHELLE', NULL),
(8, 'AVARCI-OPS-001', '3WTC2X2', '5400 LATITUDE', 'LAPTOP', 'DELL', 'i7/8GB /512 GB HDD/14.0\"/WIN 10 PRO 64 BIT/CHARGER/3 YRS WARRANTY', 'Released', '5/7/20224 returned laptop', NULL),
(9, 'AVAHC-FIN-', 'M9NXCV21V037390', 'ASUS X415', 'LAPTOP', 'ASUS', 'i5/8 GB DDR4/512 GB HDD/14.0\"/WIN 10 PRO 64 BIT/CHARGER/3 YRS WARRANTY', 'Released', 'As of 4/29/2024, Ms. Abigail has resigned and not turned over to the IT Department. Ms. Robilyn/ Finance is now using a laptop.', NULL),
(10, 'AVAHC-FIN-', '5CD9524SZZ', '440 G06 PROBOOK', 'LAPTOP', 'HP', 'i5/8 GB DDR4/256 GB SSD + 512 HDD/14.0\"/WIN 11 PRO 64 BIT/CHARGER/3 YRS WARRANTY', 'Released', 'As of 4/29/2024, Ms. Xandrine Quitain has resigned and not turned over to the IT Department. Ms. Katrine Joy Lustracion/ Finance is now using a laptop', NULL),
(11, '#N/A', 'PW023JY6', 'ThinkBook 13s G2 ITL', 'LAPTOP', 'LENOVO', 'i5/8 GB DDR4/512 GB SSD/14.0\"/WIN 10 PRO 64 BIT/CHARGER/3 YRS WARRANTY', 'Released', 'ON April 27, 2024, HR-Micha confirmed that Ms. Robe handed her laptop to Ms. Cherry, the newly appointed Manager in DC. The laptop is currently in use by Ms. Cherry.', NULL),
(12, 'AVAMI-FIN-', '5CD9112218', '440 G05 PROBOOK', 'LAPTOP', 'HP', 'i7/8 GB DDR4/1 TB SSD/14.0\"/WIN 10 PRO 64 BIT/CHARGER/3 YRS WARRANTY', 'Released', '2/26/2024 OLD UNIT,  FADED COLORS', NULL),
(13, 'AVTVSI-ITG-', '5CD145DNQ7', '440 G08 PROBOOK', 'LAPTOP', 'HP', 'i5/8 GB DDR4/512 GB SSD/15.6\"/WIN 10 PRO 64 BIT/CHARGER/3 YRS WARRANTY', 'Released', 'NO BAG', NULL),
(14, 'AVFSUI-ACC-', '5CD9524T07', '440 G08 PROBOOK', 'LAPTOP', 'HP', 'i5/8 GB DDR4/1 TB HDD/14.0\"/WIN 11 PRO 64 BIT/CHARGER/3 YRS WARRANTY', 'Released', NULL, NULL),
(15, 'AVTVSI-MAR-', 'MP261PVH', 'ThinkBook 15 G2 ITL Laptop - Type 20VE', 'LAPTOP', 'LENOVO', 'i5/16 GB DDR4/512 GB SSD/15.6\"/WIN 10 PRO 64 BIT/CHARGER/3 YRS WARRANTY', 'Released', NULL, NULL),
(16, 'AVAHC-MIS-', '5CD1463Z3R', '440 G08 PROBOOK', 'LAPTOP', 'HP', 'i5/16 GB DDR4/512 GB SSD/14.0\"/WIN 10 PRO 64 BIT/CHARGER/3 YRS WARRANTY', 'Released', 'NO BAG', NULL),
(17, 'AVTVSI-ACC-', '9S716R6121268ZN2000098', 'GF63 Thin 11SC', 'LAPTOP', 'MSI', 'i7/16 GB DDR4/512 GB SSD/15.6\"/WIN 10 PRO 64 BIT/CHARGER/3 YRS WARRANTY', 'Released', '4/2/2024 GOOD CONDITION', NULL),
(18, 'AVARCI-OPS-', 'C0Z9563', '3310 LATITUDE', 'LAPTOP', 'DELL', 'i5/8 GB DDR4/512 GB HDD/14.0\"/WIN 10 PRO 64 BIT/CHARGER/3 YRS WARRANTY', 'Released', '3/22/2024 CRACK HAIR LINE', NULL),
(19, 'AVARCI-ACC-', 'PF2Y4F45', 'Yoga Slim 7 Pro-14IHU5 Laptop (ideapad) - Type 82NC', 'LAPTOP', 'LENOVO', 'i7/16 GB DDR4/512 GB SSD/14.0\"/WIN 11 PRO 64 BIT/CHARGER/3 YRS WARRANTY', 'Released', 'good condition', NULL),
(20, 'AVTVSI-MAR-', '5CD241DBMK', 'Victus Gaming Laptop 15-fb0091AX (79J61PA', 'LAPTOP', 'HP', 'AMD RYZEN/16 GB DDR4/512 GB SSD + 1TB HDD/15.6\"/WIN 11 PRO 64 BIT /CHARGER/3 YRS WARRANTY', 'Released', NULL, NULL),
(21, 'AVTVSI-MAR-', '5CD243HKVK', 'Victus Gaming Laptop 15-fb0091AX (79J61PA', 'LAPTOP', 'HP', 'AMD RYZEN/16 GB DDR4/512 GB SSD + 1TB HDD/15.6\"/WIN 11 PRO 64 BIT /CHARGER/3 YRS WARRANTY', 'Released', NULL, NULL),
(22, 'AVTVSI-MAR-', 'PW023JXV', 'ThinkBook 13s G2 ITL', 'LAPTOP', 'LENOVO', 'i5/8 GB DDR4/512 GB SSD/14.0\"/WIN 10 PRO 64 BIT/CHARGER/3 YRS WARRANTY', 'Released', '3/21/2024 GOOD CONDITION', NULL),
(23, '#N/A', 'JZG3R93', '14 5410 INSPIRON', 'LAPTOP', 'DELL', 'i5/8 GB DDR4/512 GB SSD/14.0\"/WIN 10 PRO 64 BIT/CHARGER/3 YRS WARRANTY', 'Released', '3/1/2024 UNDER WARRATY, GOOD CONDITION, BUT MANY SCRATCHES AT THE BACK OF LAPTOP', NULL),
(24, 'AVAGRI-ACC-', 'PF17MJ2R', 'E480', 'LAPTOP', 'LENOVO', 'i5/8 GB DDR4/1 TB HDD/14.0\"/WIN 10 PRO 64 BIT/CHARGER /3 YRS WARRANTY', 'Released', '3/14/2024 OLD UNIT, GOOD CONDITION', NULL),
(25, 'AVAGRI-ACC-', 'PF17MJ2R', 'E480', 'LAPTOP', 'LENOVO', 'i5/8 GB DDR4/1 TB HDD/14.0\"/WIN 10 PRO 64 BIT/CHARGER /3 YRS WARRANTY', 'Released', '11/17/2023 OLD UNIT,GOOD CONDITION', NULL),
(26, 'AVTVSI-ACC-', 'MP26AZKF', 'ThinkBook 15 G2 ITL Laptop - Type 20VE', 'LAPTOP', 'LENOVO', 'i5/16 GB DDR4/512 GB SSD/15.6\"/WIN 10 PRO 64 BIT/CHARGER/3 YRS WARRANTY', 'Released', '3/6/2024 GOOD CONDITION, WITH BAG', NULL),
(27, 'AVTVSI-ACC-', 'PF3D0CHJ', 'E14 Gen 4 , 21ECS0MQ00', 'LAPTOP', 'LENOVO', 'i5/8 GB DDR4/512 GB SSD/14.0\"/WIN 10 PRO 64 BIT/CHARGER/3 YRS WARRANTY', 'Released', '2/1/2021 GOOD CONDITION', NULL),
(28, 'AVARCI-FIN-', '5CD0128MJJ', '450 G10 PROBOOK', 'LAPTOP', 'HP', 'i5/8 GB DDR4/1 TB HDD/14.0\"/WIN 11 PRO 64 BIT/CHARGER/3 YRS WARRANTY', 'Released', '3/22/2024 GOOD CONDITION', NULL),
(29, 'AVARCI-FIN-', '5CD0128MJJ', '450 G10 PROBOOK', 'LAPTOP', 'HP', 'i5/8 GB DDR4/1 TB HDD/14.0\"/WIN 11 PRO 64 BIT/CHARGER/3 YRS WARRANTY', 'Released', 'GOOD CONDITION', NULL),
(30, 'HOF-ADM-MERL016', '5CD1463Z74', '440 G08 PROBOOK', 'LAPTOP', 'HP', 'i5/16 GB DDR4/512 GB SSD/14.0\"/WIN 10 PRO 64 BIT/CHARGER/3 YRS WARRANTY', 'Released', '10/10/2023 GOOD CONDITION', NULL),
(31, 'AVTVSI-ID-', '9S716R612018ZLC000104', 'GF63 Thin 11SC', 'LAPTOP', 'MSI', 'i7/16 GB DDR4/512 GB SSD/15.6\"/WIN 10 PRO 64 BIT/CHARGER/3 YRS WARRANTY', 'Released', '3/5/2024 TURN OVER TO SHERMAN ONG', NULL),
(32, '#N/A', 'NXVEASP05281108EB47600', 'P259 TRAVELMATE', 'LAPTOP', 'ACER', 'i5/8 GB DDR4/512 GB HDD/14.0\"/WIN 10 PRO 64 BIT/CHARGER/3 YRS WARRANTY', 'Released', '4/26/2024 GOOD CONDITION', NULL),
(33, '#N/A', 'NXVEASP05281108EB47600', 'P259 TRAVELMATE', 'LAPTOP', 'ACER', 'i5/8 GB DDR4/512 GB HDD/14.0\"/WIN 10 PRO 64 BIT/CHARGER/3 YRS WARRANTY', 'Released', NULL, NULL),
(34, 'AVAHC-ACC-', 'NXA1WSP00304602D4C3400', 'A514-54G ASPIRE', 'LAPTOP', 'ACER', 'i7/8 GB DDR4/256 GB SSD + 1 TB HDD/15.6\"/WIN 11 HOME 64 BIT/CHARGER/3 YRS WARRANTY', 'Released', '2/23/2024 GOOD CONDITION NO BAG', NULL),
(35, 'AVAHC-MAR-', 'FVFJC7EWQ6LC', 'AIR M1, 2020', 'LAPTOP', 'MACBOOK', 'M1/8GB /256 GB SSD/13.6\"/macOS Monterey Version 12.5/CHARGER/3 YRS WARRANTY', 'Released', '2/12/2024 GOOD CONDITION NO BAG', NULL),
(36, '#N/A', 'VCFGFYKY9Q', '0', 'LAPTOP', 'IPAD', '0', 'Released', '2/12/2024 GOOD CONDITION NO BAG', NULL),
(37, 'AVTVSI-ACC-', '9S716R6121268ZN20000121', 'GF63 Thin 11SC', 'LAPTOP', 'MSI', 'i7/16 GB DDR4/512 GB SSD/15.6\"/WIN 10 PRO 64 BIT/CHARGER/3 YRS WARRANTY', 'Released', '2/12/2024 GOOD CONDITION NO BAG', NULL),
(38, 'AVCMI-ACC-', 'MP26B3N7', 'ThinkBook 15 G2 ITL', 'LAPTOP', 'LENOVO', 'i5/16 GB DDR4/512 GB SSD/15.6\"/WIN 11 PRO 64 BIT/CHARGER/3 YRS WARRANTY', 'Released', '1/12/2024 GOOD CONDITION WITH BAG', NULL),
(39, 'AVFSUI-MAR-', 'PF23EKE6', 'Legion 5-15IMH05', 'LAPTOP', 'LENOVO', 'i5/16 GB DDR4/512 GB SSD/15.6\"/WIN 10 PRO 64 BIT/CHARGER/3 YRS WARRANTY', 'Released', 'GOOD CONDITION', NULL),
(40, 'AVARCI-ACC-', 'NXVPNSP0982100DBAE7600', 'P214-53 TRAVELMATE', 'LAPTOP', 'ACER', 'i5/8 GB DDR4/512 GB SSD/14.0\"/WIN 11 PRO 64 BIT /CHARGER/3 YRS WARRANTY', 'Released', 'returned: 1/30/24 good condition laptop, charger, bag', NULL),
(41, 'AVAEI-MAR-', 'PF46PEYD', 'E15 Gen 4', 'LAPTOP', 'LENOVO', 'i5/16 GB DDR4/512 GB SSD/14.0\"/WIN 10 PRO 64 BIT/CHARGER/3 YRS WARRANTY', 'Released', '3/19/2024 good condition', NULL),
(42, 'AVAEI-MAR-', 'PF46PEYD', 'E15 Gen 4', 'LAPTOP', 'LENOVO', 'i5/16 GB DDR4/512 GB SSD/14.0\"/WIN 10 PRO 64 BIT/CHARGER/3 YRS WARRANTY', 'Released', '2/6/2024; GOOD CONDITION LAPTOP CHARGER BAG', NULL),
(43, '0', 'PF2A2GL7', '440 G10 PROBOOK', 'LAPTOP', 'LENOVO', 'i5/8 GB DDR4/512 GB SSD/14.0\"/WIN 11 PRO 64 BIT /CHARGER/3 YRS WARRANTY', 'Released', '2/28/2024 good condition; built in keyboard defective', NULL),
(44, NULL, 'PF2A2GL7', NULL, 'LAPTOP', NULL, NULL, 'Released', NULL, NULL),
(45, 'AVTVSI-ACC-', 'PF3D507W', 'E14 Gen 2', 'LAPTOP', 'LENOVO', 'i5/8 GB DDR4/512 GB SSD/14.0\"/WIN 10 PRO 64 BIT/CHARGER/3 YRS WARRANTY', 'Released', '2/2/2024 GOOD CONDITION LAPTOP, CHARGER, BAG', NULL),
(46, 'HOF-TVS-ACCL008', '2VLH2X2', '5400 LATITUDE', 'LAPTOP', 'DELL', 'i5/8GB DDR4/512GB SSD/12.0\"/WIN 11 PRO 64 BIT /CHARGER/3 YRS WARRANTY', 'Released', 'NO BAG', NULL),
(47, 'HOF-TVS-ACCL008', '2VLH2X2', '5400 LATITUDE', 'LAPTOP', 'DELL', 'i5/8GB DDR4/512GB SSD/12.0\"/WIN 11 PRO 64 BIT /CHARGER/3 YRS WARRANTY', 'Released', 'Returned: 10/13/2023 GOOD CONDITION', NULL),
(48, 'HOF-TVS-ACCL008', '2VLH2X2', '5400 LATITUDE', 'LAPTOP', 'DELL', 'i5/8GB DDR4/512GB SSD/12.0\"/WIN 11 PRO 64 BIT /CHARGER/3 YRS WARRANTY', 'Released', NULL, NULL),
(49, 'HOF-AV-HRDL014', '5CD0128MJ9', '440 G7 PROBOOK', 'LAPTOP', 'HP', 'i5/8 GB DDR4/512 GB SSD/12.0\"/WIN 11 PRO 64 BIT /CHARGER/3 YRS WARRANTY', 'Released', 'returned laptop , charger 11/10/2023', NULL),
(50, 'HOF-AV-HRDL014', '5CD0128MJ9', '440 G7 PROBOOK', 'LAPTOP', 'HP', 'i5/8 GB DDR4/512 GB SSD/12.0\"/WIN 11 PRO 64 BIT /CHARGER/3 YRS WARRANTY', 'Released', NULL, NULL),
(51, 'HOF-TVS-HRDL009', '5CD0128MJH', '440 G7 PROBOOK', 'LAPTOP', 'HP', 'i5/8 GB DDR4/1 TB HDD/14.0\"/WIN 11 PRO 64 BIT/CHARGER/3 YRS WARRANTY', 'Released', NULL, NULL),
(52, 'AVAHC-ACC-028', '5CD0128MJR', '440 G7 PROBOOK', 'LAPTOP', 'HP', 'i5/8 GB DDR4/1 TB HDD/14.0\"/WIN 11 PRO 64 BIT/CHARGER/3 YRS WARRANTY', 'Released', NULL, NULL),
(53, 'HOF-AHC-PURL010', '5CD1445RRN', '440 G08 PROBOOK', 'LAPTOP', 'HP', 'i5/8GB DDR4/512 GB SSD/14.0\"/WIN 10 PRO 64 BIT/CHARGER/3 YRS WARRANTY', 'Released', NULL, NULL),
(54, 'HOF-ADR-OPSL045', '5CD1445RRW', '430 G08 PROBOOK', 'LAPTOP', 'HP', 'i5/8 GB DDR4/512 GB HDD/14.0\"/WIN 10 PRO 64 BIT/CHARGER/3 YRS WARRANTY', 'Released', '11/21/2022 GOOD CONDITION, LAPTOP, CHARGER, ASUS BAG', NULL),
(55, 'STR-ADM-OPSL041', '5CD1445RS0', '430 G08 PROBOOK', 'LAPTOP', 'HP', 'i5/8 GB DDR4/512 GB SSD/12.0\"/WIN 11 PRO 64 BIT /CHARGER/3 YRS WARRANTY', 'Released', NULL, NULL),
(56, 'STR-ADM-OPSL041', '5CD1445RS0', '430 G08 PROBOOK', 'LAPTOP', 'HP', 'i5/8 GB DDR4/512 GB SSD/12.0\"/WIN 11 PRO 64 BIT /CHARGER/3 YRS WARRANTY', 'Released', '11/29/2023 GOOD CONDITION LAPTOP, CHARGER, BAG', NULL),
(57, 'HOF-ADM-MERL019', '5CD1463XFN', '440 G08 PROBOOK', 'LAPTOP', 'HP', 'i5/16 GB DDR4/512 SSD/14.0\"/WIN 10 PRO 64 BIT/CHARGER/3 YRS WARRANTY', 'Released', NULL, NULL),
(58, 'HOF-ADR-MERL008', '5CD1463XGH', '440 G08 PROBOOK', 'LAPTOP', 'HP', 'i5/16 GB DDR4/512 SSD/14.0\"/WIN 10 PRO 64 BIT/CHARGER/3 YRS WARRANTY', 'Released', '10/1/2023 GOOD CONDITION', NULL),
(59, 'HOF-ADR-MERL008', '5CD1463XGH', '440 G08 PROBOOK', 'LAPTOP', 'HP', 'i5/16 GB DDR4/512 SSD/14.0\"/WIN 10 PRO 64 BIT/CHARGER/3 YRS WARRANTY', 'Released', NULL, NULL),
(60, 'HOF-ADR-MERL004', '5CD1463YJL', '440 G08 PROBOOK', 'LAPTOP', 'HP', 'i5/16 GB DDR4/512 SSD/14.0\"/WIN 10 PRO 64 BIT/CHARGER/3 YRS WARRANTY', 'Released', '10/3/2023 TOP SMALL DENT', NULL),
(61, 'HOF-ADM-MERL018', '5CD1463YL0', '440 G08 PROBOOK', 'LAPTOP', 'HP', 'i5/16 GB DDR4/512 GB SSD/14.0\"/WIN 10 PRO 64 BIT/CHARGER/3 YRS WARRANTY', 'Released', '11/21/2023 good condition , detached letter A', NULL),
(62, 'HOF-ADM-MERL018', '5CD1463YL0', '440 G08 PROBOOK', 'LAPTOP', 'HP', 'i5/16 GB DDR4/512 GB SSD/14.0\"/WIN 10 PRO 64 BIT/CHARGER/3 YRS WARRANTY', 'Released', '11/7/2023 good condition with bag ; detached letter A  key', NULL),
(63, 'HOF-ADM-MERL018', '5CD1463YL0', '440 G08 PROBOOK', 'LAPTOP', 'HP', 'i5/16 GB DDR4/512 GB SSD/14.0\"/WIN 10 PRO 64 BIT/CHARGER/3 YRS WARRANTY', 'Released', NULL, NULL),
(64, 'HOF-CMI-MKTL001', '5CD241DBL3', 'Victus Gaming Laptop 15-fb0091AX (79J61PA', 'LAPTOP', 'HP', 'i7/16 GB DDR4/512 GB SSD/15.6\"/WIN 10 PRO 64 BIT/CHARGER/3 YRS WARRANTY', 'Released', '1/5/2024 GOOD CONDITION, bag, CHARGER, LAPTOP', NULL),
(65, 'HOF-CMI-MKTL001', '5CD241DBL3', 'Victus Gaming Laptop 15-fb0091AX (79J61PA', 'LAPTOP', 'HP', 'i7/16 GB DDR4/512 GB SSD/15.6\"/WIN 10 PRO 64 BIT/CHARGER/3 YRS WARRANTY', 'Released', NULL, NULL),
(66, 'AVARCI-REP-001', '5CD3213189', 'NB 86J69PA', 'LAPTOP', 'HP', 'i5/8 GB DDR4/512 GB SSD/15.6\"/WIN 11 HOME 64 BIT/CHARGER/3 YRS WARRANTY', 'Released', NULL, NULL),
(67, 'AVTVSI-SUP-001', '5CD32131DP', 'NB 86J69PA', 'LAPTOP', 'HP', 'i5/8 GB DDR4/512 GB SSD/15.6\"/WIN 11 HOME 64 BIT/CHARGER/3 YRS WARRANTY', 'Released', '4/22/2024 HR Micha gave the laptop to IT Rachelle with good condition, charge and bag', NULL),
(68, 'AVTVSI-SUP-001', '5CD32131DP', 'NB 86J69PA', 'LAPTOP', 'HP', 'i5/8 GB DDR4/512 GB SSD/15.6\"/WIN 11 HOME 64 BIT/CHARGER/3 YRS WARRANTY', 'Released', NULL, NULL),
(69, 'AVTVSI-SUP-003', '5CD32131FS', 'NB 86J69PA', 'LAPTOP', 'HP', 'i5/16 GB DDR4/512 GB SSD/15.6\"/WIN 11 PRO 64 BIT/CHARGER/3 YRS WARRANTY', 'Released', NULL, NULL),
(70, 'AVAMI-HRD-003', '5CD32131KDL', 'NB 86J69PA', 'LAPTOP', 'HP', 'i5/8 GB DDR4/512 GB SSD/15.6\"/WIN 11 HOME 64 BIT/CHARGER/3 YRS WARRANTY', 'Released', '3/14/2024 good condition', NULL),
(71, 'AVAMI-HRD-003', '5CD32131KDL', 'NB 86J69PA', 'LAPTOP', 'HP', 'i5/8 GB DDR4/512 GB SSD/15.6\"/WIN 11 HOME 64 BIT/CHARGER/3 YRS WARRANTY', 'Released', '11/27/2023 good condition laptop, charger bag', NULL),
(72, 'AVAMI-HRD-003', '5CD32131KDL', 'NB 86J69PA', 'LAPTOP', 'HP', 'i5/8 GB DDR4/512 GB SSD/15.6\"/WIN 11 HOME 64 BIT/CHARGER/3 YRS WARRANTY', 'Released', NULL, NULL),
(73, 'AVAGRI-ACC-002', '5CD3259J08', '440 G10 PROBOOK', 'LAPTOP', 'HP', 'i5/8 GB DDR4/512 GB SSD/14.0\"/WIN 11 PRO 64 BIT /CHARGER/3 YRS WARRANTY', 'Released', NULL, NULL),
(74, 'AVAGRI-ACC-002', '5CD3259J08', '440 G10 PROBOOK', 'LAPTOP', 'HP', 'i5/8 GB DDR4/512 GB SSD/14.0\"/WIN 11 PRO 64 BIT /CHARGER/3 YRS WARRANTY', 'Released', NULL, NULL),
(75, 'AVPI-OPS-', 'PF1EJWZ2', 'E480', 'LAPTOP', 'LENOVO', 'i5/8 GB DDR4/1 TB HDD/14.0\"/WIN 10 PRO 64 BIT/CHARGER /3 YRS WARRANTY', 'Released', NULL, NULL),
(76, 'AVFSUI-ITG-001', '5CD3259J0H', '440 G10 PROBOOK', 'LAPTOP', 'HP', 'i5/8 GB DDR4/512 GB SSD/14.0\"/WIN 11 PRO 64 BIT /CHARGER/3 YRS WARRANTY', 'Released', NULL, NULL),
(77, 'AVTVSI-PUR-001', '5CD3259J0K', '440 G10 PROBOOK', 'LAPTOP', 'HP', 'i5/8 GB DDR4/512 GB SSD/14.0\"/WIN 11 PRO 64 BIT /CHARGER/3 YRS WARRANTY', 'Released', NULL, NULL),
(78, 'AVTVSI-MIS-001', '5CD3259J0Q', '450 G10 PROBOOK', 'LAPTOP', 'HP', 'i5/8 GB DDR4 +8GB ADDTL./512 GB SSD/15.6\"/WIN 11 PRO 64 BIT/CHARGER/3 YRS WARRANTY', 'Released', '3/20/2024 GOOD CONDITION', NULL),
(79, 'AVTVSI-MIS-001', '5CD3259J0Q', '450 G10 PROBOOK', 'LAPTOP', 'HP', 'i5/8 GB DDR4 +8GB ADDTL./512 GB SSD/15.6\"/WIN 11 PRO 64 BIT/CHARGER/3 YRS WARRANTY', 'Released', NULL, NULL),
(80, 'AVAGRI-ACC-001', '5CD3259J1P', '440 G10 PROBOOK', 'LAPTOP', 'HP', 'i5/8 GB DDR4/512 GB SSD/14.0\"/WIN 11 PRO 64 BIT /CHARGER/3 YRS WARRANTY', 'Released', '5/2/2024 return laptop to Ms. IT Rachelle; approved Red to Transfer to Mary Rose Dicon', NULL),
(81, 'AVAGRI-ACC-001', '5CD3259J1P', '440 G10 PROBOOK', 'LAPTOP', 'HP', 'i5/8 GB DDR4/512 GB SSD/14.0\"/WIN 11 PRO 64 BIT /CHARGER/3 YRS WARRANTY', 'Released', NULL, NULL),
(82, 'AVAHC-TRA-001', '5CD3259J4B', '440 G10 PROBOOK', 'LAPTOP', 'HP', 'i5/8 GB DDR4/512 GB SSD/14.0\"/WIN 11 PRO 64 BIT /CHARGER/3 YRS WARRANTY', 'Released', NULL, NULL),
(83, 'AVAHC-FIN-002', '5CD3259J4F', '440 G10 PROBOOK', 'LAPTOP', 'HP', 'i5/8 GB DDR4/512 GB SSD/14.0\"/WIN 11 PRO 64 BIT /CHARGER/3 YRS WARRANTY', 'Released', '11/17/2023 return laptop, charger, bag, Working', NULL),
(84, 'AVAHC-FIN-002', '5CD3259J4F', '440 G10 PROBOOK', 'LAPTOP', 'HP', 'i5/8 GB DDR4/512 GB SSD/14.0\"/WIN 11 PRO 64 BIT /CHARGER/3 YRS WARRANTY', 'Released', NULL, NULL),
(85, 'AVAHC-ITG-001', '5CD3259J4L', '440 G10 PROBOOK', 'LAPTOP', 'HP', 'i5/8 GB DDR4/512 GB SSD/14.0\"/WIN 11 PRO 64 BIT /CHARGER/3 YRS WARRANTY', 'Released', NULL, NULL),
(86, 'AVAMI-OPS-001', '5CD3259J4P', '440 G10 PROBOOK', 'LAPTOP', 'HP', 'i5/8 GB DDR4/512 GB SSD/14.0\"/WIN 11 PRO 64 BIT /CHARGER/3 YRS WARRANTY', 'Released', '4/15/2024 RETURN LAPTOP, CHARGER BAG , GOOD CONDIITION', NULL),
(87, 'AVAMI-OPS-001', '5CD3259J4P', '440 G10 PROBOOK', 'LAPTOP', 'HP', 'i5/8 GB DDR4/512 GB SSD/14.0\"/WIN 11 PRO 64 BIT /CHARGER/3 YRS WARRANTY', 'Released', NULL, NULL),
(88, 'AVTVSI-TRA-002', '5CD3259J4V', '440 G10 PROBOOK', 'LAPTOP', 'HP', 'i5/8 GB DDR4/512 GB SSD/14.0\"/WIN 11 PRO 64 BIT /CHARGER/3 YRS WARRANTY', 'Released', NULL, NULL),
(89, 'AVTVSI-PUR-002', '5CD3271K8L', '440 G10 PROBOOK', 'LAPTOP', 'HP', 'i5/8 GB DDR4/512 GB SSD/14.0\"/WIN 11 PRO 64 BIT /CHARGER/3 YRS WARRANTY', 'Released', NULL, NULL),
(90, 'AVFSUI-MER-001', '5CD3271K8N', '440 G7 PROBOOK', 'LAPTOP', 'HP', 'i5/8 GB DDR4/512 GB SSD/14.0\"/WIN 11 PRO 64 BIT /CHARGER/3 YRS WARRANTY', 'Released', NULL, NULL),
(91, 'AVTVSI-PUR-003', '5CD3271K8V', '440 G10 PROBOOK', 'LAPTOP', 'HP', 'i5/8 GB DDR4/512 GB SSD/14.0\"/WIN 11 PRO 64 BIT /CHARGER/3 YRS WARRANTY', 'Released', NULL, NULL),
(92, 'AVTVSI-ACC-002', '5CD3271K8Z', '440 G10 PROBOOK', 'LAPTOP', 'HP', 'i5/8 GB DDR4/512 GB SSD/14.0\"/WIN 11 PRO 64 BIT /CHARGER/3 YRS WARRANTY', 'Released', NULL, NULL),
(93, 'AVTVSI-ACC-003', '5CD3271K93', '440 G10 PROBOOK', 'LAPTOP', 'HP', 'i5/8 GB DDR4/512 GB SSD/14.0\"/WIN 11 PRO 64 BIT /CHARGER/3 YRS WARRANTY', 'Released', NULL, NULL),
(94, 'AVTVSI-MER-001', '5CD3271KB2', '440 G10 PROBOOK', 'LAPTOP', 'HP', 'i5/8 GB DDR4/512 GB SSD/14.0\"/WIN 11 PRO 64 BIT /CHARGER/3 YRS WARRANTY', 'Released', NULL, NULL),
(95, 'AVTVSI-OPS-002', '5CD3271KBF', '440 G10 PROBOOK', 'LAPTOP', 'HP', 'i5/8 GB DDR4/512 GB SSD/14.0\"/WIN 11 PRO 64 BIT /CHARGER/3 YRS WARRANTY', 'Released', NULL, NULL),
(96, 'AVTVSI-OPS-001', '5CD3271KBR', '440 G10 PROBOOK', 'LAPTOP', 'HP', 'i5/8 GB DDR4/512 GB SSD/14.0\"/WIN 11 PRO 64 BIT /CHARGER/3 YRS WARRANTY', 'Released', NULL, NULL),
(97, 'AVTVSI-OPS-003', '5CD3271KC7', '440 G10 PROBOOK', 'LAPTOP', 'HP', 'i5/8 GB DDR4/512 GB SSD/14.0\"/WIN 11 PRO 64 BIT /CHARGER/3 YRS WARRANTY', 'Released', NULL, NULL),
(98, 'AVTVSI-ACC-001', '5CD3271KCJ', '440 G10 PROBOOK', 'LAPTOP', 'HP', 'i5/8 GB DDR4/512 GB SSD/14.0\"/WIN 11 PRO 64 BIT /CHARGER/3 YRS WARRANTY', 'Released', NULL, NULL),
(99, 'AVAHC-SUP-002', '5CD3271KCW', '440 G10 PROBOOK', 'LAPTOP', 'HP', 'i5/8 GB DDR4/512 GB SSD/12.0\"/WIN 11 PRO 64 BIT /CHARGER/3 YRS WARRANTY', 'Released', NULL, NULL),
(100, 'AVAHC-SUP-001', '5CD3271KD1', '440 G10 PROBOOK', 'LAPTOP', 'HP', 'i5/8 GB DDR4/512 GB SSD/12.0\"/WIN 11 PRO 64 BIT /CHARGER/3 YRS WARRANTY', 'Released', NULL, NULL),
(101, 'AVAMI-AUD-001', '5CD3271KD4', '440 G10 PROBOOK', 'LAPTOP', 'HP', 'i5/8 GB DDR4/512 GB SSD/12.0\"/WIN 11 PRO 64 BIT /CHARGER/3 YRS WARRANTY', 'Released', NULL, NULL),
(102, 'AVAHC-FIN-003', '5CD3271KDP', '440 G10 PROBOOK', 'LAPTOP', 'HP', 'i5/8 GB DDR4/512 GB SSD/12.0\"/WIN 11 PRO 64 BIT /CHARGER/3 YRS WARRANTY', 'Released', NULL, NULL),
(103, 'AVTVSI-FIN-001', '5CD3271KJR', '440 G10 PROBOOK', 'LAPTOP', 'HP', 'i5/8 GB DDR4/512 GB SSD/12.0\"/WIN 11 PRO 64 BIT /CHARGER/3 YRS WARRANTY', 'Released', NULL, NULL),
(104, 'AVAHC-MER-001', '5CD3271KKD', '440 G10 PROBOOK', 'LAPTOP', 'HP', 'i5/8 GB DDR4/512 GB SSD/12.0\"/WIN 11 PRO 64 BIT /CHARGER/3 YRS WARRANTY', 'Released', NULL, NULL),
(105, 'AVCMI-HRD-003', '5CD3271KQB', '450 G10 PROBOOK', 'LAPTOP', 'HP', 'i5/16 GB DDR4/512 GB SSD/15.6\"/WIN 11 PRO 64 BIT/CHARGER/3 YRS WARRANTY', 'Released', NULL, NULL),
(106, 'AVCMI-HRD-001', '5CD3271KQQ', '450 G10 PROBOOK', 'LAPTOP', 'HP', 'i5/16 GB DDR4/512 GB SSD/15.6\"/WIN 11 PRO 64 BIT/CHARGER/3 YRS WARRANTY', 'Released', '2/15/2024 GOOD CONDITION BAG, CHARGER LAPTOP', NULL),
(107, 'AVCMI-HRD-001', '5CD3271KQQ', '450 G10 PROBOOK', 'LAPTOP', 'HP', 'i5/16 GB DDR4/512 GB SSD/15.6\"/WIN 11 PRO 64 BIT/CHARGER/3 YRS WARRANTY', 'Released', NULL, NULL),
(108, 'AVCMI-HRD-005', '5CD3271KR5', '450 G10 PROBOOK', 'LAPTOP', 'HP', 'i5/16 GB DDR4/512 GB SSD/15.6\"/WIN 11 PRO 64 BIT/CHARGER/3 YRS WARRANTY', 'Released', NULL, NULL),
(109, 'AVCMI-HRD-002', '5CD3271KRC', '450 G10 PROBOOK', 'LAPTOP', 'HP', 'i5/16 GB DDR4/512 GB SSD/15.6\"/WIN 11 PRO 64 BIT/CHARGER/3 YRS WARRANTY', 'Released', '2/1/2024 GOOD CONDITION, BAG LAPTOP, CHARGER', NULL),
(110, 'AVCMI-HRD-002', '5CD3271KRC', '450 G10 PROBOOK', 'LAPTOP', 'HP', 'i5/16 GB DDR4/512 GB SSD/15.6\"/WIN 11 PRO 64 BIT/CHARGER/3 YRS WARRANTY', 'Released', NULL, NULL),
(111, 'AVTVSI-ACC-004', '5CD3271KRJ', '440 G10 PROBOOK', 'LAPTOP', 'HP', 'i5/8 GB DDR4/512 GB SSD/14.0\"/WIN 11 PRO 64 BIT /CHARGER/3 YRS WARRANTY', 'Released', NULL, NULL),
(112, 'AVCMI-HRD-004', '5CD3271KRT', '450 G10 PROBOOK', 'LAPTOP', 'HP', 'i5/16 GB DDR4/512 GB SSD/15.6\"/WIN 11 PRO 64 BIT/CHARGER/3 YRS WARRANTY', 'Released', '2/1/2024 GOOD CONDITION, BAG LAPTOP, CHARGER', NULL),
(113, 'AVCMI-HRD-004', '5CD3271KRT', '450 G10 PROBOOK', 'LAPTOP', 'HP', 'i5/16 GB DDR4/512 GB SSD/15.6\"/WIN 11 PRO 64 BIT/CHARGER/3 YRS WARRANTY', 'Released', NULL, NULL),
(114, 'AVCMI-LPD-001', '5CD332997N', '450 G10 PROBOOK', 'LAPTOP', 'HP', 'i5/8 GB DDR4/512 GB SSD/14.0\"/WIN 10 PRO 64 BIT/CHARGER/3 YRS WARRANTY', 'Released', NULL, NULL),
(115, 'AVAHC-HRD-004', '5CD3329981', '450 G10 PROBOOK', 'LAPTOP', 'HP', 'i5/16 GB DDR4/512 GB SSD/15.6\"/WIN 11 PRO 64 BIT/CHARGER/3 YRS WARRANTY', 'Released', NULL, NULL),
(116, 'AVFSUI-OPS-001', '5CD332999N', '450 G10 PROBOOK', 'LAPTOP', 'HP', 'i5/16 GB DDR4/512 GB SSD/15.6\"/WIN 11 PRO 64 BIT/CHARGER/3 YRS WARRANTY', 'Released', NULL, NULL),
(117, 'AVCMI-LPD-002', '5CD332999Z', '450 G10 PROBOOK', 'LAPTOP', 'HP', 'i5/8 GB DDR4 +8GB ADDTL./512 GB SSD/15.6\"/WIN 11 PRO 64 BIT/CHARGER/3 YRS WARRANTY', 'Released', '2/12/2024 GOOD CONDITION; ALREADY RESIGNED AND USE MS iSABEL RIVERA.', NULL),
(118, 'AVCMI-LPD-002', '5CD332999Z', '450 G10 PROBOOK', 'LAPTOP', 'HP', 'i5/8 GB DDR4 +8GB ADDTL./512 GB SSD/15.6\"/WIN 11 PRO 64 BIT/CHARGER/3 YRS WARRANTY', 'Released', NULL, NULL),
(119, 'AVAMI-MER-007', '5CD33299B3', '450 G10 PROBOOK', 'LAPTOP', 'HP', 'i5/8 GB DDR4 +8GB ADDTL./512 GB SSD/15.6\"/WIN 11 PRO 64 BIT/CHARGER/3 YRS WARRANTY', 'Released', NULL, NULL),
(120, 'AVFSUI-ACC-002', '5CD33299BH', '450 G10 PROBOOK', 'LAPTOP', 'HP', 'i5/8 GB DDR4 +8GB ADDTL./512 GB SSD/15.6\"/WIN 11 PRO 64 BIT/CHARGER/3 YRS WARRANTY', 'Released', NULL, NULL),
(121, 'AVCMI-ACC-001', '5CD33299BY', '450 G10 PROBOOK', 'LAPTOP', 'HP', 'i5/8 GB DDR4 +8GB ADDTL./512 GB SSD/15.6\"/WIN 11 PRO 64 BIT/CHARGER/3 YRS WARRANTY', 'Released', NULL, NULL),
(122, 'AVFSUI-ACC-001', '5CD33299C1', '450 G10 PROBOOK', 'LAPTOP', 'HP', 'i5/8 GB DDR4 +8GB ADDTL./512 GB SSD/15.6\"/WIN 11 PRO 64 BIT/CHARGER/3 YRS WARRANTY', 'Released', '1/19/2024 GOOD CONDITION, LAPTOP, CHARGER, BAG', NULL),
(123, 'AVFSUI-ACC-001', '5CD33299C1', '450 G10 PROBOOK', 'LAPTOP', 'HP', 'i5/8 GB DDR4 +8GB ADDTL./512 GB SSD/15.6\"/WIN 11 PRO 64 BIT/CHARGER/3 YRS WARRANTY', 'Released', NULL, NULL),
(124, 'AVAMI-ECOM-001', '5CD33299CB', '450 G10 PROBOOK', 'LAPTOP', 'HP', 'i5/8 GB DDR4 +8GB ADDTL./512 GB SSD/15.6\"/WIN 11 PRO 64 BIT/CHARGER/3 YRS WARRANTY', 'Released', NULL, NULL),
(125, 'AVAHC-OPS-003', '5CD33299CH', '450 G10 PROBOOK', 'LAPTOP', 'HP', 'i5/8 GB DDR4 +8GB ADDTL./512 GB SSD/15.6\"/WIN 11 PRO 64 BIT/CHARGER/3 YRS WARRANTY', 'Released', NULL, NULL),
(126, 'AVAMI-HRD-001', '5CD3341HF3', 'NB 86J69PA', 'LAPTOP', 'HP', 'i5/8 GB DDR4/512 GB SSD/15.6\"/WIN 11 HOME 64 BIT/CHARGER/3 YRS WARRANTY', 'Released', '12/1/2023 Good Condition Laptop, Charger, Bag', NULL),
(127, 'AVAMI-HRD-001', '5CD3341HF3', 'NB 86J69PA', 'LAPTOP', 'HP', 'i5/8 GB DDR4/512 GB SSD/15.6\"/WIN 11 HOME 64 BIT/CHARGER/3 YRS WARRANTY', 'Released', NULL, NULL),
(128, 'AVAMI-HRD-002', '5CD3341HT4', 'NB 86J69PA', 'LAPTOP', 'HP', 'i5/8 GB DDR4/512 GB SSD/15.6\"/WIN 11 HOME 64 BIT/CHARGER/3 YRS WARRANTY', 'Released', NULL, NULL),
(129, 'AVAMI-PLAN-001', '5CD338M35C', 'ZBOOK POWER G10', 'LAPTOP', 'HP', 'i7/16 GB DDR4/1 TB SSD/15.6\"/WIN 11 PRO 64 BIT/CHARGER/3 YRS WARRANTY', 'Released', NULL, NULL),
(130, 'HOF-ADR-OPSL016', '5CD8327TQ3', '440 G05 PROBOOK', 'LAPTOP', 'HP', 'i5/8GB DDR4/1 TB HDD/14.0\"/WIN 11 PRO 64 BIT/CHARGER/3 YRS WARRANTY', 'Released', '2/2/2024 Laptop & Charger good condition', NULL),
(131, 'HOF-ADR-OPSL016', '5CD8327TQ3', '440 G05 PROBOOK', 'LAPTOP', 'HP', 'i5/8GB DDR4/1 TB HDD/14.0\"/WIN 11 PRO 64 BIT/CHARGER/3 YRS WARRANTY', 'Released', NULL, NULL),
(132, 'HOF-ADM-HRDL002', '5CD926BJYV', '440 G06 PROBOOK', 'LAPTOP', 'HP', 'i5/8 GB DDR4/512 GB SSD/14.0\"/WIN 10 PRO 64 BIT/CHARGER/3 YRS WARRANTY', 'Released', '11/9/2023 returned Laptop, Charger, No Bag, Dent, Dent in right Screen Monitor, Working', NULL),
(133, 'HOF-ADM-HRDL002', '5CD926BJYV', '440 G06 PROBOOK', 'LAPTOP', 'HP', 'i5/8 GB DDR4/512 GB SSD/14.0\"/WIN 10 PRO 64 BIT/CHARGER/3 YRS WARRANTY', 'Released', NULL, NULL),
(134, 'AVARCI-ACC-', 'M9NXCV21V031396', 'ASUS X415', 'LAPTOP', 'ASUS', 'i5/8 GB DDR4/512 GB HDD/14.0\"/WIN 10 PRO 64 BIT/CHARGER/3 YRS WARRANTY', 'Released', 'DICON, MARY ROSE 5/2/2024,LORAINE BAUTISTA - Accounting - 5/2/2024 transfer to Joy Dorado. ', NULL),
(135, 'AVTVSI-ITG-004', '5CD9494W31', '440 G06 PROBOOK', 'LAPTOP', 'HP', 'i5/8GB DDR4/1 TB HDD/14.0\"/WIN 11 PRO 64 BIT/CHARGER/3 YRS WARRANTY', 'Released', NULL, NULL),
(136, 'AVTVSI-ITG-004', '5CD9494W31', '440 G06 PROBOOK', 'LAPTOP', 'HP', 'i5/8GB DDR4/1 TB HDD/14.0\"/WIN 11 PRO 64 BIT/CHARGER/3 YRS WARRANTY', 'Released', '3/13/2024 good condition', NULL),
(137, 'AVTVSI-ITG-004', '5CD9494W31', '440 G06 PROBOOK', 'LAPTOP', 'HP', 'i5/8GB DDR4/1 TB HDD/14.0\"/WIN 11 PRO 64 BIT/CHARGER/3 YRS WARRANTY', 'Released', '12/12/2023 NO BAG', NULL),
(138, 'AVTVSI-ITG-004', '5CD9494W31', '440 G06 PROBOOK', 'LAPTOP', 'HP', 'i5/8GB DDR4/1 TB HDD/14.0\"/WIN 11 PRO 64 BIT/CHARGER/3 YRS WARRANTY', 'Released', '11/20/2023 NO BAG', NULL),
(139, 'AVTVSI-ITG-004', '5CD9494W31', '440 G06 PROBOOK', 'LAPTOP', 'HP', 'i5/8GB DDR4/1 TB HDD/14.0\"/WIN 11 PRO 64 BIT/CHARGER/3 YRS WARRANTY', 'Released', '10/23/2023 NO BAG', NULL),
(140, 'AVTVSI-ITG-004', '5CD9494W31', '440 G06 PROBOOK', 'LAPTOP', 'HP', 'i5/8GB DDR4/1 TB HDD/14.0\"/WIN 11 PRO 64 BIT/CHARGER/3 YRS WARRANTY', 'Released', NULL, NULL),
(141, 'EVO-TVS-OPSL003', '5CD9524T00', '440 G06 PROBOOK', 'LAPTOP', 'HP', 'i5/8 GB DDR4/256 GB SSD + 512 HDD/14.0\"/WIN 11 PRO 64 BIT/CHARGER/3 YRS WARRANTY', 'Released', '11/16/2023 return laptop, charger, bag', NULL),
(142, 'EVO-TVS-OPSL003', '5CD9524T00', '440 G06 PROBOOK', 'LAPTOP', 'HP', 'i5/8 GB DDR4/256 GB SSD + 512 HDD/14.0\"/WIN 11 PRO 64 BIT/CHARGER/3 YRS WARRANTY', 'Released', NULL, NULL),
(143, 'AVAHC-MAR-', '7053SK3', '15 3000 INSPIRON', 'LAPTOP', 'DELL', 'i5/8 GB DDR4/512 GB HDD/14.0\"/WIN 10 PRO 64 BIT/CHARGER/3 YRS WARRANTY', 'Released', '12/21/2023 no return laptop, but Hail jade is now using', NULL),
(144, 'AVAMI-MAR-002', '8DXTJS3', '5630 VOSTRO', 'LAPTOP', 'DELL', 'i7/16 GB DDR4/512 GB SSD/15.6\"/WIN 11 PRO 64 BIT /CHARGER/3 YRS WARRANTY', 'Released', NULL, NULL),
(145, 'AVAHC-MAR-003', '8FXTJS3', '5630 VOSTRO', 'LAPTOP', 'DELL', 'i7/16 GB DDR4/512 GB SSD/15.6\"/WIN 11 PRO 64 BIT /CHARGER/3 YRS WARRANTY', 'Released', NULL, NULL),
(146, 'HOF-ADM-MERL030', '9S716R6121266ZN3000172', 'GF63 Thin 11SC', 'LAPTOP', 'MSI', 'i7/16 GB DDR4/512 GB SSD/15.6\"/WIN 10 PRO 64 BIT/CHARGER/3 YRS WARRANTY', 'Released', '12/28/2023 GOOD CONDITION, CHARGER & BAG, NO DENT/SCRACTHES/ CRACK FOUND', NULL),
(147, 'AVAMI-FIN-', '5CD151HVW9', '440 G08 PROBOOK', 'LAPTOP', 'HP', 'i7/16 GB DDR4/512 GB SSD/15.6\"/WIN 10 PRO 64 BIT/CHARGER/3 YRS WARRANTY', 'Released', '5/29/2023 GOOD CONDITION LAPTOP, CHARGER AND BAG', NULL),
(148, 'HOF-AD-MERL060', '9S716R6121266ZN3000391', 'GF63 Thin 11SC', 'LAPTOP', 'MSI', 'i5/8 GB DDR4/512 GB SSD/15.6\"/WIN 10 PRO 64 BIT/CHARGER/3 YRS WARRANTY', 'Released', NULL, NULL),
(149, 'HOF-AHC-OPSL010', 'BHLBB20329800373', 'MateBook 13', 'LAPTOP', 'HUAWEI', 'i7/16 GB DDR4/512 GB SSD/14.0\"/WIN 11 PRO 64 BIT/CHARGER/3 YRS WARRANTY', 'Released', NULL, NULL),
(150, 'HOF-AHC-MERL014', 'BHLBB20506802014', 'MateBook 13', 'LAPTOP', 'HUAWEI', 'i7/16 GB DDR4/512 GB SSD/14.0\"/WIN 11 PRO 64 BIT/CHARGER/3 YRS WARRANTY', 'Released', NULL, NULL),
(151, 'APL-AHC-ITGL002', 'C93VWD3', '3551 PRECISION', 'LAPTOP', 'DELL', 'i7; 1TB SSD, WIN 11 PRO,16GB RAM, 64BIT, NVIDIA Quadro P620', 'Released', NULL, NULL),
(152, 'AVCMI-ACC-002', 'CD33299D0', '450 G10 PROBOOK', 'LAPTOP', 'HP', 'i5/8 GB DDR4 +8GB ADDTL./512 GB SSD/15.6\"/WIN 11 PRO 64 BIT/CHARGER/3 YRS WARRANTY', 'Released', NULL, NULL),
(153, '#N/A', 'CD9494W33', '440 G06 PROBOOK', 'LAPTOP', 'HP', 'i5/8GB DDR4/1 TB HDD/14.0\"/WIN 11 PRO 64 BIT/CHARGER/3 YRS WARRANTY', 'Released', NULL, NULL),
(154, 'HOF-ADM-VISL005', 'CND9436x58', '15v G5 ZBOOK', 'LAPTOP', 'HP', 'i5 ; 1TB; WINDOWS PRO 10; 16GB; 64 BIT; ', 'Released', NULL, NULL),
(155, '#N/A', 'H46D2X2', '5400 LATITUDE', 'LAPTOP', 'DELL', 'i7/8 GB DDR4/256 GB SSD + 1 TB/14.0\"/WIN 10 PRO 64 BIT/CHARGER/3 YRS WARRANTY', 'Released', NULL, NULL),
(156, 'HOF-TVS-OPSL12', 'HXTC2X2', '5400 LATITUDE', 'LAPTOP', 'DELL', 'i7/16 GB DDR4/1 TB HDD//WIN 10 PRO 64 BIT/CHARGER/3 YRS WARRANTY', 'Released', '3/14/2024 good condition no bag', NULL),
(157, 'HOF-TVS-OPSL12', 'HXTC2X2', '5400 LATITUDE', 'LAPTOP', 'DELL', 'i7/16 GB DDR4/1 TB HDD//WIN 10 PRO 64 BIT/CHARGER/3 YRS WARRANTY', 'Released', NULL, NULL),
(158, 'HOF-TVS-OPSL12', 'HXTC2X2', '5400 LATITUDE', 'LAPTOP', 'DELL', 'i7/16 GB DDR4/1 TB HDD//WIN 10 PRO 64 BIT/CHARGER/3 YRS WARRANTY', 'Released', '11/18/2023 Good condition no Bag', NULL),
(159, 'HOF-TVS-OPSL12', 'HXTC2X2', '5400 LATITUDE', 'LAPTOP', 'DELL', 'i7/16 GB DDR4/1 TB HDD//WIN 10 PRO 64 BIT/CHARGER/3 YRS WARRANTY', 'Released', '10/23/2023 good condition no bag', NULL),
(160, 'HOF-TVS-OPSL12', 'HXTC2X2', '5400 LATITUDE', 'LAPTOP', 'DELL', 'i7/16 GB DDR4/1 TB HDD//WIN 10 PRO 64 BIT/CHARGER/3 YRS WARRANTY', 'Released', NULL, NULL),
(161, 'AVAHC-MAR-002', 'K2010N1118221', 'Prestige 15 A11SCX', 'LAPTOP', 'MSI', 'i7/16 GB DDR4/1 TB SSD/15.6\"/WIN 11 PRO 64 BIT/CHARGER/3 YRS WARRANTY', 'Released', NULL, NULL),
(162, 'AVAHC-MAR-002', 'K2010N1118221', 'Prestige 15 A11SCX', 'LAPTOP', 'MSI', 'i7/16 GB DDR4/1 TB SSD/15.6\"/WIN 11 PRO 64 BIT/CHARGER/3 YRS WARRANTY', 'Released', NULL, NULL),
(163, 'STR-AHC-VISL004', 'K2303N0021014', 'GF63 Thin 11SC', 'LAPTOP', 'MSI', 'i7/26 GB DDR4/512 GB SSD/15.6\"/WIN 11 PRO 64 BIT/CHARGER/3 YRS WARRANTY', 'Released', NULL, NULL),
(164, 'STR-AHC-VISL009', 'K2303N0021031', 'GF63 Thin 11SC', 'LAPTOP', 'MSI', 'i7/26 GB DDR4/512 GB SSD/15.6\"/WIN 11 PRO 64 BIT/CHARGER/3 YRS WARRANTY', 'Released', NULL, NULL),
(165, 'APL-FSU-OPSL012', 'LANRKD004356426', 'ROG Strix G512LU', 'LAPTOP', 'ASUS', 'i7/16 GB DDR4/1 TB SSD/15.6\"/WIN 10 PRO 64 BIT/CHARGER/3 YRS WARRANTY', 'Released', NULL, NULL),
(166, 'HOF-FSU-OPSL054', 'LANRKD00438342C', 'ROG Strix G512LU', 'LAPTOP', 'ASUS', 'i7/16 GB DDR4/1 TB SSD/15.6\"/WIN 10 PRO 64 BIT/CHARGER/3 YRS WARRANTY', 'Released', '11/9/2023 RETURN LAPTOP, CHARGER, BAG, GOOD CONDITION', NULL),
(167, 'HOF-FSU-OPSL054', 'LANRKD00438342C', 'ROG Strix G512LU', 'LAPTOP', 'ASUS', 'i7/16 GB DDR4/1 TB SSD/15.6\"/WIN 10 PRO 64 BIT/CHARGER/3 YRS WARRANTY', 'Released', NULL, NULL),
(168, 'HOF-ADR-MERL054', 'M9NXCV21147639A', 'ASUS X415', 'LAPTOP', 'ASUS', 'i5/8 GB DDR4/512 GB HDD/14.0\"/WIN 10 PRO 64 BIT/CHARGER/3 YRS WARRANTY', 'Released', '11/21/2022 GOOD CONDITION, LAPTOP W/ SLIGHT SCRATCHES, CHARGER, ASUS BAG', NULL),
(169, 'HOF-ADR-MERL056', 'M9NXCV211541397', 'ASUS X415', 'LAPTOP', 'ASUS', 'i5/8 GB DDR4/512 GB HDD/14.0\"/WIN 10 PRO 64 BIT/CHARGER/3 YRS WARRANTY', 'Released', '11/21/2022 GOOD CONDITION, LAPTOP W/ SLIGHT SCRATCHES, CHARGER, HP BAG', NULL),
(170, 'HOF-AGR-MERL021', 'M9NXCV21U964397', 'ASUS X415', 'LAPTOP', 'ASUS', 'i5/8 GB DDR4/512 GB SSD/14.0\"/WIN 11 PRO 64 BIT /CHARGER/3 YRS WARRANTY', 'Released', '2.2.2024 good condition, laptop and charger', NULL),
(171, 'HOF-AGR-MERL021', 'M9NXCV21U964397', 'ASUS X415', 'LAPTOP', 'ASUS', 'i5/8 GB DDR4/512 GB SSD/14.0\"/WIN 11 PRO 64 BIT /CHARGER/3 YRS WARRANTY', 'Released', '1.5.2024 GOOD CONDITION', NULL),
(172, 'HOF-AGR-MERL021', 'M9NXCV21U964397', 'ASUS X415', 'LAPTOP', 'ASUS', 'i5/8 GB DDR4/512 GB SSD/14.0\"/WIN 11 PRO 64 BIT /CHARGER/3 YRS WARRANTY', 'Released', NULL, NULL),
(173, 'AVAMI-MER-002', 'MP2H8ZSR', 'THINKBOOK 21JC007MPH 14 G5', 'LAPTOP', 'LENOVO', 'i5/8 GB DDR4/512 GB SSD/14.0\"/WIN 11 PRO 64 BIT /CHARGER/3 YRS WARRANTY', 'Released', NULL, NULL),
(174, 'AVAMI-MER-005', 'MP2H8ZT4', 'THINKBOOK 21JC007MPH 14 G5', 'LAPTOP', 'LENOVO', 'i5/8 GB DDR4/512 GB SSD/14.0\"/WIN 11 PRO 64 BIT /CHARGER/3 YRS WARRANTY', 'Released', NULL, NULL),
(175, 'AVAMI-MER-001', 'MP2H8ZTP', 'THINKBOOK 21JC007MPH 14 G5', 'LAPTOP', 'LENOVO', 'i5/8 GB DDR4/512 GB SSD/14.0\"/WIN 11 PRO 64 BIT /CHARGER/3 YRS WARRANTY', 'Released', NULL, NULL),
(176, 'AVAMI-MER-003', 'MPZH8ZTY ', 'THINKBOOK 21JC007MPH 14 G5', 'LAPTOP', 'LENOVO', 'i5/8 GB DDR4/512 GB SSD/14.0\"/WIN 11 PRO 64 BIT /CHARGER/3 YRS WARRANTY', 'Released', NULL, NULL),
(177, 'AVAMI-MER-004', 'MPZH8ZVE', 'THINKBOOK 21JC007MPH 14 G5', 'LAPTOP', 'LENOVO', 'i5/8 GB DDR4/512 GB SSD/14.0\"/WIN 11 PRO 64 BIT /CHARGER/3 YRS WARRANTY', 'Released', NULL, NULL),
(178, 'AVAHC-MER-007', 'NHQ7YSP001033057B23400', 'PH315-53-72RY PREDATOR', 'LAPTOP', 'ACER', 'i7/8 GB DDR4/256 GB SSD + 1 TB/15.6\"/WIN 11 HOME 64 BIT/CHARGER/3 YRS WARRANTY', 'Released', NULL, NULL),
(179, 'AVAHC-MER-0010', 'NHQ7YSP001033057E73400', 'PH315-53-72RY PREDATOR', 'LAPTOP', 'ACER', 'i7/8 GB DDR4/256 GB SSD + 1 TB/15.6\"/WIN 11 HOME 64 BIT/CHARGER/3 YRS WARRANTY', 'Released', NULL, NULL),
(180, 'AVAHC-MER-006', 'NHQ7YSP0010330582D3400', 'PH315-53-72RY PREDATOR', 'LAPTOP', 'ACER', 'i7/8 GB DDR4/256 GB SSD + 1 TB/15.6\"/WIN 11 HOME 64 BIT/CHARGER/3 YRS WARRANTY', 'Released', NULL, NULL),
(181, 'AVAHC-MER-005', 'NHQ7YSP001033059023400', 'PH315-53-72RY PREDATOR', 'LAPTOP', 'ACER', 'i7/8 GB DDR4/256 GB SSD + 1 TB/15.6\"/WIN 11 HOME 64 BIT/CHARGER/3 YRS WARRANTY', 'Released', NULL, NULL),
(182, 'AVAHC-MER-009', 'NHQ7YSP00103305BE03400', 'PH315-53-72RY PREDATOR', 'LAPTOP', 'ACER', 'i7/8 GB DDR4/256 GB SSD + 1 TB/15.6\"/WIN 11 HOME 64 BIT/CHARGER/3 YRS WARRANTY', 'Released', NULL, NULL),
(183, 'AVAHC-MER-003', 'NHQ7YSP00103305C3A3400', 'PH315-53-72RY PREDATOR', 'LAPTOP', 'ACER', 'i7/8 GB DDR4/256 GB SSD + 1 TB/15.6\"/WIN 11 HOME 64 BIT/CHARGER/3 YRS WARRANTY', 'Released', NULL, NULL),
(184, 'AVAHC-MER-004', 'NHQ7YSP00103305C633400', 'PH315-53-72RY PREDATOR', 'LAPTOP', 'ACER', 'i7/16 GB DDR4/512 GB SSD + 1TB HDD/15.6\"/WIN 10 PRO 64 BIT/CHARGER/3 YRS WARRANTY', 'Released', '2/7/2024 good condition, no indication scratches, dent, crack. No Bag issued', NULL),
(185, 'AVAHC-MER-004', 'NHQ7YSP00103305C633400', 'PH315-53-72RY PREDATOR', 'LAPTOP', 'ACER', 'i7/16 GB DDR4/512 GB SSD + 1TB HDD/15.6\"/WIN 10 PRO 64 BIT/CHARGER/3 YRS WARRANTY', 'Released', NULL, NULL),
(186, 'AVAHC-MER-002', 'NHQ7YSP00103305CBF3400', 'PH315-53-72RY PREDATOR', 'LAPTOP', 'ACER', 'i7/8 GB DDR4/256 GB SSD + 1 TB/15.6\"/WIN 11 HOME 64 BIT/CHARGER/3 YRS WARRANTY', 'Released', NULL, NULL),
(187, 'AVAHC-MER-0011', 'NHQ7YSP00104100F063400', 'PH315-53-72RY PREDATOR', 'LAPTOP', 'ACER', 'i7/8 GB DDR4/256 GB SSD + 1 TB/15.6\"/WIN 11 HOME 64 BIT/CHARGER/3 YRS WARRANTY', 'Released', NULL, NULL),
(188, 'HOF-ADM-OPSL017', 'NXVPNSP00S14701CF57600', 'P214-53 TRAVELMATE', 'LAPTOP', 'ACER', 'i5/8 GB DDR4/512 GB SSD/15.6\"/WIN 10 PRO 64 BIT/CHARGER/3 YRS WARRANTY', 'Released', '11/17/2022 GOOD CONDITION, LAPTOP W/ SLIGHT SCRATCHES, REPLACED NEW CHARGER(11.23.23), HP BAG', NULL),
(189, 'AVAHC-MAR-001', 'NXVPQSP0312021C1A37600', 'ACER TMP214-53G-540B I5 LAPTOP BK', 'LAPTOP', 'ACER', 'i5/16 GB DDR4/512 GB SSD/14.0\"/WIN 10 PRO 64 BIT/CHARGER/3 YRS WARRANTY', 'Released', NULL, NULL),
(190, 'AVTVSI-MAR-', 'PF23EMFA', 'Legion 5-15IMH05', 'LAPTOP', 'LENOVO', 'i5/8 GB DDR4/512 GB SSD/12.0\"/WIN 11 PRO 64 BIT /CHARGER/3 YRS WARRANTY', 'Released', '10/10/2023 NO BAG', NULL),
(191, 'HOF-AHC-HRDL015', 'PF27CCXA', 'IDEAPAD 3-14IIL05', 'LAPTOP', 'LENOVO', 'i5; 512 SSD; WIN 10 PRO; 8GB RAM; 64 BIT', 'Released', NULL, NULL),
(192, '#N/A', 'PF27D1CV', 'IDEAPAD 3-14IIL05', 'LAPTOP', 'LENOVO', 'i5/8 GB DDR4/512 GB SSD/12.0\"/WIN 11 PRO 64 BIT /CHARGER/3 YRS WARRANTY', 'Released', NULL, NULL),
(193, '#N/A', 'PF27D1CV', 'IDEAPAD 3-14IIL05', 'LAPTOP', 'LENOVO', 'i5/8 GB DDR4/512 GB SSD/12.0\"/WIN 11 PRO 64 BIT /CHARGER/3 YRS WARRANTY', 'Released', '10/24/2023 GOOD CONDITION WITH BAG', NULL),
(194, 'HOF-TVS-ACCL004', 'PF27D68E', 'IDEAPAD 3-14IIL05', 'LAPTOP', 'LENOVO', 'i5/8 GB DDR4/512 GB SSD/12.0\"/WIN 11 PRO 64 BIT /CHARGER/3 YRS WARRANTY', 'Released', '3/13/2023 GOOD CONDITION WITH BAG', NULL),
(195, 'HOF-TVS-ACCL004', 'PF27D68E', 'IDEAPAD 3-14IIL05', 'LAPTOP', 'LENOVO', 'i5/8 GB DDR4/512 GB SSD/12.0\"/WIN 11 PRO 64 BIT /CHARGER/3 YRS WARRANTY', 'Released', '10/11/2023 GOOD CONDITION', NULL),
(196, 'AVAMI-MER-006', 'PF2LE51E', 'THINKPAD L15 GEN1', 'LAPTOP', 'LENOVO', 'i5/16 GB DDR4/512 GB SSD/15.6\"/WIN 10 PRO 64 BIT/CHARGER/3 YRS WARRANTY', 'Released', NULL, NULL),
(197, '#N/A', 'PF2LE6EH', 'THINKPAD L15 GEN1', 'LAPTOP', 'LENOVO', 'i5/16 GB DDR4/512 GB SSD/15.6\"/WIN 10 PRO 64 BIT/CHARGER/3 YRS WARRANTY', 'Released', NULL, NULL),
(198, '#N/A', 'PF2LE6EH', 'THINKPAD L15 GEN1', 'LAPTOP', 'LENOVO', 'i5/16 GB DDR4/512 GB SSD/15.6\"/WIN 10 PRO 64 BIT/CHARGER/3 YRS WARRANTY', 'Released', 'Returned Laptop 10/24/2023', NULL),
(199, 'STR-AHC-OPSL049', 'PF2LEAZC', 'THINKPAD L15 GEN1', 'LAPTOP', 'LENOVO', 'i5/16 GB DDR4/512 GB SSD/15.6\"/WIN 10 PRO 64 BIT/CHARGER/3 YRS WARRANTY', 'Released', '12/6/2023 GOOD CONDITION LAPTOP AND CHARGER ONLY. NO BAG SURRENDER', NULL),
(200, 'STR-ADM-OPSL003', 'PF2N92N4', 'E15 Gen 4', 'LAPTOP', 'LENOVO', 'i5/16 GB DDR4/512 GB SSD/14.0\"/WIN 10 PRO 64 BIT/CHARGER/3 YRS WARRANTY', 'Released', NULL, NULL),
(201, 'HOF-AHC-OPSL067', 'PF4ELZG1', 'E15 Gen 4', 'LAPTOP', 'LENOVO', 'i5/16 GB DDR4/512 GB SSD/14.0\"/WIN 10 PRO 64 BIT/CHARGER/3 YRS WARRANTY', 'Released', '10/10/2023 GOOD CONDITION', NULL),
(202, 'AVAHC-FIN-001', 'PW05ABDY', 'LENOVO L14', 'LAPTOP', 'LENOVO', 'i7/16 GB DDR4/512 GB SSD/14.0\"/WIN 11 PRO 64 BIT/CHARGER/3 YRS WARRANTY', 'Released', NULL, NULL),
(203, 'AVAHC-ACC-001', 'PW05ABFQ', 'LENOVO L14', 'LAPTOP', 'LENOVO', 'i7/16 GB DDR4/512 GB SSD/14.0\"/WIN 11 PRO 64 BIT/CHARGER/3 YRS WARRANTY', 'Released', NULL, NULL),
(204, 'HOF-AGR-MERL022', 'M9NXCV21U976391', 'ASUS X415', 'LAPTOP', 'ASUS', 'i5/8 GB DDR4/512 GB HDD/14.0\"/WIN 10 PRO 64 BIT/CHARGER/3 YRS WARRANTY', 'Released', '12/2/2023 GOOD CONDITION BAG, CHARGER', NULL),
(205, '0', 'C98PZK3', '15 3000 INSPIRON', 'LAPTOP', 'DELL', 'i5/16 GB DDR4/512 GB SSD/14.0\"/WIN 10 PRO 64 BIT/CHARGER/3 YRS WARRANTY', 'Released', NULL, NULL),
(206, '#N/A', '5CD243HKTF', '#N/A', 'LAPTOP', '#N/A', '#N/A', 'Released', 'CHECKED, THE UNIT IS GOOD CONDITION AS IN NEW. LAPTOP , CHARGER, BAG', NULL),
(207, 'AVAHC-MAR-', 'NHX9W9G3M4', 'MACBOOK PRO', 'LAPTOP', 'MACBOOK', 'APPLE M2 CHIP/8GB /256 GB SSD/13.6\"/SONOMA OS 14.2.1/CHARGER/1 YR WARRANTY', 'Released', 'CHECKED, THE UNIT IS GOOD CONDITION AS IN NEW. LAPTOP , CHARGER, NO BAG', NULL),
(208, 'AVAHC-MAR-', 'NHX9W9G3M4', 'MACBOOK PRO', 'LAPTOP', 'MACBOOK', 'APPLE M2 CHIP/8GB /256 GB SSD/13.6\"/SONOMA OS 14.2.1/CHARGER/1 YR WARRANTY', 'Released', 'CHECKED, THE UNIT IS GOOD CONDITION AS IN NEW. LAPTOP , CHARGER, NO BAG', NULL),
(209, 'AVFSUI-MER-', '5CD926BJYL', '440 G06 PROBOOK', 'LAPTOP', 'HP', 'i5/8 GB DDR4/1 TB HDD/14.0\"/WIN 11 PRO 64 BIT/CHARGER/3 YRS WARRANTY', 'Released', '2/27/2024 GOOD CONDITION , DETACHED \"A\" KEY', NULL),
(210, 'AVFSUI-MER-', '5CD926BJYL', '440 G06 PROBOOK', 'LAPTOP', 'HP', 'i5/8 GB DDR4/1 TB HDD/14.0\"/WIN 11 PRO 64 BIT/CHARGER/3 YRS WARRANTY', 'Released', NULL, NULL),
(211, 'AVTVSI-FM-', 'PW023JYJ', 'ThinkBook 13s G2 ITL', 'LAPTOP', 'LENOVO', 'i5/8 GB DDR4/512 GB SSD/13\"/WIN 10 PRO 64 BIT/CHARGER/3 YRS WARRANTY', 'Released', 'CHECKED, THE UNIT IS GOOD CONDITION AS IN NEW. LAPTOP , CHARGER, WITH BAG', NULL),
(212, 'HOF-ADR-MERL007', '5CD1463XG7', '440 G08 PROBOOK', 'LAPTOP', 'HP', 'i5/16 GB DDR4/512 GB SSD/14.0\"/WIN 10 PRO 64 BIT/CHARGER/3 YRS WARRANTY', 'Released', 'CHECKED, THE UNIT IS GOOD CONDITION AS IN NEW. LAPTOP , CHARGER, WITH BAG', NULL),
(213, 'AVARCI-FIN-001', 'K2308N0183144', 'GF63 12VE-088PH', 'LAPTOP', 'MSI', 'i7/16 GB DDR4/512 GB SSD/15.6\"/WIN 10 PRO 64 BIT/CHARGER/3 YRS WARRANTY', 'Released', NULL, NULL),
(214, 'HOF-GA-OPSL042', '5CD207HBNF', '440 G08 PROBOOK', 'LAPTOP', 'HP', 'i7/16 GB DDR4/512 GB SSD/14.0\"/WIN 11 PRO 64 BIT/CHARGER/3 YRS WARRANTY', 'Released', '1.24.24 GOOD CONDITION, CHARGER NO BAG', NULL),
(215, 'AVAEI-OPS-', 'PF1SZ667', 'Legion 5-15IMH05', 'LAPTOP', 'LENOVO', 'i7/16 GB DDR4/512 GB SSD/15.6\"/WIN 10 PRO 64 BIT/CHARGER/3 YRS WARRANTY', 'Released', '1.24.24 GOOD CONDITION, CHARGER NO BAG, SLIGHT PIXEL MONITOR DAMAGE', NULL),
(216, 'AVAHC-MER-010', 'NXVPNSP03V146221807600', 'P214-53 TRAVELMATE', 'LAPTOP', 'ACER', 'i5/8 GB DDR4/1 TB HDD/14.0\"/WIN 11 PRO 64 BIT/CHARGER/3 YRS WARRANTY', 'Released', NULL, NULL),
(217, 'AVCMI-OPS-001', 'R9N0LP02X40738E', 'Zenbook 14 OLED', 'LAPTOP', 'ASUS', 'i7/8 GB DDR4/512 GB SSD/15.6\"/WIN 11 HOME 64 BIT/CHARGER /1 YR WARRANTY', 'Released', NULL, NULL),
(218, 'AVPI-OPS-001', 'R2803298', 'UH-X', 'LAPTOP', 'FUJITSU', 'i5/8 GB DDR4/512 GB SSD/12.0\"/WIN 11 PRO 64 BIT /CHARGER/3 YRS WARRANTY', 'Released', NULL, NULL),
(219, 'AVPI-OPS-002', 'R2803296', 'UH-X', 'LAPTOP', 'FUJITSU', 'i5/8 GB DDR4/512 GB SSD/12.0\"/WIN 11 PRO 64 BIT /CHARGER/3 YRS WARRANTY', 'Released', NULL, NULL),
(220, 'AVPI-OPS-003', 'R2803309', 'UH-X', 'LAPTOP', 'FUJITSU', 'i5/8 GB DDR4/512 GB SSD/12.0\"/WIN 11 PRO 64 BIT /CHARGER/3 YRS WARRANTY', 'Released', NULL, NULL),
(221, 'AVPI-OPS-004', 'R2803295', 'UH-X', 'LAPTOP', 'FUJITSU', 'i5/8 GB DDR4/512 GB SSD/12.0\"/WIN 11 PRO 64 BIT /CHARGER/3 YRS WARRANTY', 'Released', NULL, NULL),
(222, 'AVPI-OPS-005', 'R2803300', 'UH-X', 'LAPTOP', 'FUJITSU', 'i5/8 GB DDR4/512 GB SSD/12.0\"/WIN 11 PRO 64 BIT /CHARGER/3 YRS WARRANTY', 'Released', NULL, NULL),
(223, 'AVPI-OPS-006', 'R2803290', 'UH-X', 'LAPTOP', 'FUJITSU', 'i5/8 GB DDR4/512 GB SSD/12.0\"/WIN 11 PRO 64 BIT /CHARGER/3 YRS WARRANTY', 'Released', NULL, NULL),
(224, 'AVPI-OPS-007', 'R2803299', 'UH-X', 'LAPTOP', 'FUJITSU', 'i5/8 GB DDR4/512 GB SSD/12.0\"/WIN 11 PRO 64 BIT /CHARGER/3 YRS WARRANTY', 'Released', NULL, NULL),
(225, 'AVCMI-OPS-008', '5CD312488K', 'HP PROBOOK 440 G9', 'LAPTOP', 'HP', 'I5/16GB/512 GB SSD /14\'\'/WIN 11 PRO 64 BIT/CHARGER/3 YRS WARRANTY', 'Released', NULL, NULL),
(226, 'AVCMI-OPS-009', '5CD31248NP', 'HP PROBOOK 440 G9', 'LAPTOP', 'HP', 'I5/16GB/512 GB SSD /14\'\'/WIN 11 PRO 64 BIT/CHARGER/3 YRS WARRANTY', 'Released', NULL, NULL),
(227, 'AVPI-OPS-011', 'R2803304', 'UH-X', 'LAPTOP', 'FUJITSU', 'i5/8 GB DDR4/512 GB SSD/12.0\"/WIN 11 PRO 64 BIT /CHARGER/3 YRS WARRANTY', 'Released', NULL, NULL),
(228, 'AVFSUI-MER-002', '7FXTJS3', '5630 VOSTRO', 'LAPTOP', 'DELL', 'i7/16 GB DDR4/512 GB SSD/15.6\"/WIN 11 PRO 64 BIT /CHARGER/3 YRS WARRANTY', 'Released', NULL, NULL),
(229, 'AVTVSI-ITG-001', '5CD3466WPM', '450 G10 PROBOOK', 'LAPTOP', 'HP', 'i5/16 GB DDR4/512 GB SSD/15.6\"/WIN 10 PRO 64 BIT/CHARGER/3 YRS WARRANTY', 'Released', NULL, NULL),
(230, 'AVAGRI-TRA-001', '5CD31248KP', 'HP PROBOOK 440 G9', 'LAPTOP', 'HP', 'i5/16 GB DDR4/512 GB SSD/14.0\"/WIN 10 PRO 64 BIT/CHARGER/3 YRS WARRANTY', 'Released', NULL, NULL),
(231, 'AVTVSI-ACC-007', '5CD33299CY', '450 G10 PROBOOK', 'LAPTOP', 'HP', 'i5/16 GB DDR4/512 GB SSD/14.0\"/WIN 10 PRO 64 BIT/CHARGER/3 YRS WARRANTY', 'Released', NULL, NULL),
(232, 'AVAGRI-OPS-001', '5CD31248JB', 'HP PROBOOK 440 G9', 'LAPTOP', 'HP', 'i5/16 GB DDR4/512 GB SSD/14.0\"/WIN 10 PRO 64 BIT/CHARGER/3 YRS WARRANTY', 'Released', NULL, NULL),
(233, 'AVAHC-EXEC-001', '5CD312486L', 'HP PROBOOK 440 G9', 'LAPTOP', 'HP', 'i5/16 GB DDR4/512 GB SSD/14.0\"/WIN 10 PRO 64 BIT/CHARGER/3 YRS WARRANTY', 'Released', NULL, NULL),
(234, 'HOF-AHC-MERL005', 'PF44Y33X', 'E14 Gen 4 , 21ECS0MQ00', 'LAPTOP', 'LENOVO', 'AMD Ryzen 5 5625U/16 GB DDR4/512 GB SSD/14.0\"/WIN 10 PRO 64 BIT/CHARGER/3 YRS WARRANTY', 'Released', 'DATE: 2/22/2024 WITH GOOD CONDITION', NULL),
(235, 'AVAHC-ACC-006', 'PF4LZN9S', 'IDEAPAD SLIM 3-15IAH8', 'LAPTOP', 'LENOVO', 'i5/16GB DDR5/512 GB SSD/15.6\"/WIN 11 HOME 64 BIT/CHARGER/1 YR WARRANTY', 'Released', NULL, NULL),
(236, 'AVAHC-MER-012', 'NXB12SP0003370C2CC7600', 'ACER TMP214-53G-540B I5 LAPTOP BK', 'LAPTOP', 'ACER', 'i5/8 GB DDR4 +8GB ADDTL./512 GB SSD/14.0\"/WIN 11 PRO 64 BIT /CHARGER/3 YRS WARRANTY', 'Released', NULL, NULL),
(237, 'AVAHC-ACC-011', '5CD31248DW', '450 G10 PROBOOK', 'LAPTOP', 'HP', 'i5/8 GB DDR4 +8GB ADDTL./512 GB SSD/15.6\"/WIN 11 PRO 64 BIT/CHARGER/3 YRS WARRANTY', 'Released', NULL, NULL),
(238, 'AVCMI-ACC-004', '5CD3466WP5', '450 G10 PROBOOK', 'LAPTOP', 'HP', 'i5/16 GB DDR4/512 GB SSD/15.6\"/WIN 11 PRO 64 BIT/CHARGER/3 YRS WARRANTY', 'Released', NULL, NULL),
(239, 'AVCMI-ACC-005', '5CD3466WP7', '450 G10 PROBOOK', 'LAPTOP', 'HP', 'i5/16 GB DDR4/512 GB SSD/15.6\"/WIN 11 PRO 64 BIT/CHARGER/3 YRS WARRANTY', 'Released', NULL, NULL),
(240, 'AVAHC-MAR-005', 'K2311N0056476', 'GF63 12VE-088PH', 'LAPTOP', 'MSI', 'i7/32 GB DDR5/1TB SSD/15.6\"/WIN 11 PRO 64 BIT /CHARGER / MOUSE/3 YRS WARRANTY', 'Released', NULL, NULL),
(241, 'AVAHC-AUD-001', '5CD3271KRL', '440 G10 PROBOOK', 'LAPTOP', 'HP', 'i5/8 GB DDR4/512 GB SSD/14.0\"/WIN 11 PRO 64 BIT /CHARGER/3 YRS WARRANTY', 'Released', NULL, NULL),
(242, 'AVAHC-MER-011', '5CD3271KR7', '440 G10 PROBOOK', 'LAPTOP', 'HP', 'i5/8 GB DDR4/512 GB SSD/14.0\"/WIN 11 PRO 64 BIT /CHARGER/3 YRS WARRANTY', 'Released', NULL, NULL),
(243, 'AVAHC-ACC-002', 'PF4M1NZR', 'IDEAPAD SLIM 3-15IAH8', 'LAPTOP', 'LENOVO', 'i5/16GB DDR5/512 GB SSD/15.6\"/WIN 11 HOME 64 BIT/CHARGER/1 YR WARRANTY', 'Released', NULL, NULL),
(244, 'AVTVSI-MAR-002', 'K2311N0056473', 'GF63 12VE-088PH', 'LAPTOP', 'MSI', 'i7/32 GB DDR5/1TB SSD/15.6\"/WIN 11 PRO 64 BIT /CHARGER / MOUSE/3 YRS WARRANTY', 'Released', NULL, NULL),
(245, 'AVTVSI-MAR-001', 'K2311N0056478', 'GF63 12VE-088PH', 'LAPTOP', 'MSI', 'i7/32 GB DDR5/1TB SSD/15.6\"/WIN 11 PRO 64 BIT /CHARGER / MOUSE/3 YRS WARRANTY', 'Released', NULL, NULL),
(246, 'AVTVSI-ACC-005', '0B95518', 'LENOVO L14', 'LAPTOP', 'LENOVO', 'i7/16 GB DDR4/512 GB SSD/13.0\"/WIN 10 PRO 64 BIT/CHARGER/3 YRS WARRANTY', 'Released', NULL, NULL),
(247, 'AVAHC-FIN-004', 'GZZ95X3', '5630 VOSTRO', 'LAPTOP', 'DELL', 'i7/16GB DDR5/512 GB SSD/16.0\"/WIN11 PRO 64 BIT/CHARGER/3 YRS WARRANTY', 'Released', NULL, NULL),
(248, 'AVTVSI-MAR-003', 'K2311N0056477', 'GF63 12VE-088PH', 'LAPTOP', 'MSI', 'i7/32 GB DDR5/1TB SSD/15.6\"/WIN 11 PRO 64 BIT /CHARGER / MOUSE/3 YRS WARRANTY', 'Released', NULL, NULL),
(249, 'AVTVSI-OPS-006', '5CD31248K8', 'HP PROBOOK 440 G9', 'LAPTOP', 'HP', 'i5/16 GB DDR4/512 GB SSD/15.6\"/WIN 11 PRO 64 BIT/CHARGER/3 YRS WARRANTY', 'Released', NULL, NULL),
(250, 'AVTVSI-OPS-005', '5CD31248L6', 'HP PROBOOK 440 G9', 'LAPTOP', 'HP', 'i5/16 GB DDR4/512 GB SSD/15.6\"/WIN 11 PRO 64 BIT/CHARGER/3 YRS WARRANTY', 'Released', NULL, NULL),
(251, 'AVAHC-ACC-010', 'PF4LZ1F1', 'IDEAPAD SLIM 3-15IAH8', 'LAPTOP', 'LENOVO', 'i5/16GB DDR5/512 GB SSD/15.6\"/WIN 11 HOME 64 BIT/CHARGER/1 YR WARRANTY', 'Released', NULL, NULL),
(252, 'AVAHC-ACC-007', 'PF4M33XX', 'IDEAPAD SLIM 3-15IAH8', 'LAPTOP', 'LENOVO', 'i5/16GB DDR5/512 GB SSD/15.6\"/WIN 11 HOME 64 BIT/CHARGER/1 YR WARRANTY', 'Released', NULL, NULL),
(253, 'AVAHC-ACC-008', 'PF4M9PWJ', 'IDEAPAD SLIM 3-15IAH8', 'LAPTOP', 'LENOVO', 'i5/16GB DDR5/512 GB SSD/15.6\"/WIN 11 HOME 64 BIT/CHARGER/1 YR WARRANTY', 'Released', NULL, NULL),
(254, 'AVTVSI-MAR-004', '5CD34737H8', '450 G10 PROBOOK', 'LAPTOP', 'HP', 'i5/16 GB DDR4/512 GB SSD/15.6\"/WIN 10 PRO 64 BIT/CHARGER/3 YRS WARRANTY', 'Released', NULL, NULL),
(255, 'AVAMI-OPS-002', '5CD34737KM', '450 G10 PROBOOK', 'LAPTOP', 'HP', 'i5/16 GB DDR4/512 GB SSD/15.6\"/WIN 11 PRO 64 BIT/CHARGER/3 YRS WARRANTY', 'Released', NULL, NULL),
(256, 'AVAMI-OPS-003', '5CD34737F5', '450 G10 PROBOOK', 'LAPTOP', 'HP', 'i5/16 GB DDR4/512 GB SSD/15.6\"/WIN 11 PRO 64 BIT/CHARGER/3 YRS WARRANTY', 'Released', NULL, NULL),
(257, 'AVAHC-ACC-004', 'PF4MAQHA', 'IDEAPAD SLIM 3-15IAH8', 'LAPTOP', 'LENOVO', 'i5/16GB DDR5/512 GB SSD/15.6\"/WIN 11 HOME 64 BIT/CHARGER/1 YR WARRANTY', 'Released', NULL, NULL),
(258, 'AVAHC-ACC-003', 'PF4M3E9Z', 'IDEAPAD SLIM 3-15IAH8', 'LAPTOP', 'LENOVO', 'i5/16GB DDR5/512 GB SSD/15.6\"/WIN 11 HOME 64 BIT/CHARGER/1 YR WARRANTY', 'Released', NULL, NULL),
(259, 'AVAHC-ACC-005', 'PF4MINQY', 'IDEAPAD SLIM 3-15IAH8', 'LAPTOP', 'LENOVO', 'i5/16GB DDR5/512 GB SSD/15.6\"/WIN 11 HOME 64 BIT/CHARGER/1 YR WARRANTY', 'Released', NULL, NULL),
(260, 'AVAHC-ACC-009', 'PF4M9KAY', 'IDEAPAD SLIM 3-15IAH8', 'LAPTOP', 'LENOVO', 'i5/16GB DDR5/512 GB SSD/15.6\"/WIN 11 HOME 64 BIT/CHARGER/1 YR WARRANTY', 'Released', '5/13/2024 received by Mr. Bondoc Bernard, due to Ms. Figura, Jan Rose still in Antipolo', NULL),
(261, 'TRY', 'TRY', 'TRY', 'LAPTOP', 'DELL', 'TRY', 'Released', 'TRY', 'TRY'),
(264, 'LAST', 'LAST', 'LAST', 'DESKTOP', 'APPLE', 'LAST', 'Defective', 'LAST', 'LAST'),
(265, 'LANCE', '112321', 'BERNAL', 'LAPTOP', 'LENOVO', 'try', 'Available', 'try', 'try');
INSERT INTO `device` (`device_id`, `computer_name`, `serial_number`, `model`, `device_type`, `brand`, `specs`, `status`, `remarks`, `last_device_user`) VALUES
(266, 'HOF-AH-OPSL003', '9S716W1121060ZKA000004', 'GF65 Thin 10SER', 'LAPTOP', 'Micro-Star International Co.; Ltd.', 'Intel(R) Core(TM) i7-10750H CPU @ 2.60GHz / 16 RAM / KINGSTON OM8PCP3512F-AI1 (476.94 GB);  / NVIDIA GeForce RTX 2060; Intel(R) UHD Graphics / Microsoft Windows 10 Pro / ', 'Available', NULL, NULL),
(267, 'DESKTOP-PK86BAT', 'LANRKD00436545E', 'ROG Strix G512LU', 'LAPTOP', 'ASUSTeK COMPUTER INC.', 'Intel(R) Core(TM) i7-10750H CPU @ 2.60GHz / 16 RAM / NVMe SAMSUNG MZVLB512 (476.94 GB);  / Intel(R) UHD Graphics; NVIDIA GeForce GTX 1660 Ti / Microsoft Windows 11 Pro / ', 'Available', NULL, NULL),
(268, 'MSI', '9S716R412834ZK9000128', 'GF63 Thin 10SCXR', 'LAPTOP', 'Micro-Star International Co.; Ltd.', 'Intel(R) Core(TM) i5-10300H CPU @ 2.50GHz / 8 RAM /  KINGSTON RBUSNS8154P3512GJ5 (476.94 GB) / Intel(R) UHD Graphics; NVIDIA GeForce GTX 1650 with Max-Q Design / Microsoft Windows 11 Pro / ', 'Available', NULL, NULL),
(269, 'DESKTOP-MMONCUH', '5CD241DBL6', 'Victus by HP Gaming Laptop 15-fb0xxx', 'LAPTOP', 'HP', 'AMD Ryzen 7 5800H with Radeon Graphics          / 16 RAM / SK hynix PC711 HFS512GDE9X073N (476.94 GB);  / AMD Radeon(TM) RX 6500M; AMD Radeon(TM) Graphics / Microsoft Windows 11 Pro / ', 'Available', NULL, NULL),
(270, 'LAPTOP-AA2DOIRC', 'NHQ7YSP00103305C633400', 'Predator PH315-53', 'LAPTOP', 'Acer', 'Intel(R) Core(TM) i7-10750H CPU @ 2.60GHz / 16 RAM /  WDC PC SN730 SDBQNTY-512G-1014 (476.94 GB); ST1000LM049-2GH172 (931.51 GB) / Intel(R) UHD Graphics; NVIDIA GeForce RTX 2060 / Microsoft Windows 11 Pro / ', 'Available', NULL, NULL),
(271, 'LAPTOP-1TSP0Q4C', 'PF23FFK8', '82AU', 'LAPTOP', 'LENOVO', 'Intel(R) Core(TM) i5-10300H CPU @ 2.50GHz / 8 RAM / SAMSUNG MZVLB512HBJQ-000L2 (476.94 GB);  / NVIDIA GeForce GTX 1650 Ti; Intel(R) UHD Graphics / Microsoft Windows 11 Pro / ', 'Available', NULL, NULL),
(272, 'DESKTOP-6J0FP50', '5CD243HKT9', 'Victus by HP Gaming Laptop 15-fb0xxx', 'LAPTOP', 'HP', 'AMD Ryzen 7 5800H with Radeon Graphics          / 16 RAM / SK hynix PC711 HFS512GDE9X073N (476.94 GB);  / AMD Radeon(TM) RX 6500M; AMD Radeon(TM) Graphics / Microsoft Windows 11 Pro / ', 'Available', NULL, NULL),
(273, 'DESKTOP-LFUNQKK', '5CD243HKVJ', 'Victus by HP Gaming Laptop 15-fb0xxx', 'LAPTOP', 'HP', 'AMD Ryzen 7 5800H with Radeon Graphics          / 16 RAM / SK hynix PC711 HFS512GDE9X073N (476.94 GB);  / AMD Radeon(TM) RX 6500M; AMD Radeon(TM) Graphics / Microsoft Windows 11 Pro / ', 'Available', NULL, NULL),
(274, 'DESKTOP-C6SGHGH', '9S716R612018ZLC000141', 'GF63 Thin 11UC', 'LAPTOP', 'Micro-Star International Co.; Ltd.', '11th Gen Intel(R) Core(TM) i7-11800H @ 2.30GHz / 16 RAM / KINGSTON OM8PCP3512F-AI1 (476.94 GB);  / Intel(R) UHD Graphics; NVIDIA GeForce RTX 3050 Laptop GPU / Microsoft Windows 11 Pro / ', 'Available', NULL, NULL),
(275, 'DESKTOP-G9B4GOV', 'PF23EKE6', '82AU', 'LAPTOP', 'LENOVO', 'Intel(R) Core(TM) i5-10300H CPU @ 2.50GHz / 16 RAM /  SAMSUNG MZVLB512HBJQ-000L2 (476.94 GB) / NVIDIA GeForce GTX 1650 Ti; Intel(R) UHD Graphics / Microsoft Windows 10 Pro / ', 'Available', NULL, NULL),
(276, 'DESKTOP-QNEPPQE', 'LANRKD004356426', 'ROG Strix G512LU_G512LU', 'LAPTOP', 'ASUSTeK COMPUTER INC.', 'Intel(R) Core(TM) i7-10750H CPU @ 2.60GHz / 16 RAM / Intel Raid 0 Volume (953.87 GB);  / Intel(R) UHD Graphics; NVIDIA GeForce GTX 1660 Ti / Microsoft Windows 10 Pro / ', 'Available', NULL, NULL),
(277, 'MSI', 'K2302N0141331', 'GF63 Thin 10SCXR', 'LAPTOP', 'Micro-Star International Co.; Ltd.', 'Intel(R) Core(TM) i5-10300H CPU @ 2.50GHz / 8 RAM /  KINGSTON RBUSNS8154P3512GJ5 (476.94 GB) / Intel(R) UHD Graphics; NVIDIA GeForce GTX 1650 with Max-Q Design / Microsoft Windows 11 Pro / ', 'Available', NULL, NULL),
(278, 'EVO-TV-MKTL003', 'PF23FB0F', '82AU', 'LAPTOP', 'LENOVO', 'Intel(R) Core(TM) i5-10300H CPU @ 2.50GHz / 8 RAM / SAMSUNG MZVLB512HBJQ-000L2 (476.94 GB);  / NVIDIA GeForce GTX 1650 Ti; Intel(R) UHD Graphics / Microsoft Windows 11 Pro / ', 'Available', NULL, NULL),
(279, 'LAPTOP-QFJOULG3', 'PF23CDF9', '82AU', 'LAPTOP', 'LENOVO', 'Intel(R) Core(TM) i5-10300H CPU @ 2.50GHz / 8 RAM / SAMSUNG MZVLB512HBJQ-000L2 (476.94 GB);  / NVIDIA GeForce GTX 1650 Ti; Intel(R) UHD Graphics / Microsoft Windows 11 Pro / ', 'Available', NULL, NULL),
(280, 'LAPTOP-127575ON', 'PF23G6GM', '82AU', 'LAPTOP', 'LENOVO', 'Intel(R) Core(TM) i5-10300H CPU @ 2.50GHz / 8 RAM / SAMSUNG MZVLB512HBJQ-000L2 (476.94 GB);  / NVIDIA GeForce GTX 1650 Ti; Intel(R) UHD Graphics / Microsoft Windows 11 Pro / ', 'Available', NULL, NULL),
(281, NULL, '5CD241DBKP', 'Victus by HP Gaming Laptop 15-fb0xxx', 'LAPTOP', 'HP', 'AMD Ryzen 7 5800H with Radeon Graphics          / 16 RAM / SK hynix PC711 HFS512GDE9X073N (476.94 GB);  / AMD Radeon(TM) RX 6500M; AMD Radeon(TM) Graphics / Microsoft Windows 11 Pro / ', 'Available', NULL, NULL),
(282, NULL, 'K2010N1039200', 'GF63 Thin 10SCXR', 'LAPTOP', 'Micro-Star International Co.; Ltd.', 'Intel(R) Core(TM) i5-10300H CPU @ 2.50GHz / 8 RAM /  KINGSTON RBUSNS8154P3512GJ5 (476.94 GB) / Intel(R) UHD Graphics; NVIDIA GeForce GTX 1650 with Max-Q Design / Microsoft Windows 11 Pro / ', 'Available', NULL, NULL),
(283, NULL, 'PF23DHRE', '82AU', 'LAPTOP', 'LENOVO', 'Intel(R) Core(TM) i5-10300H CPU @ 2.50GHz / 8 RAM / SAMSUNG MZVLB512HBJQ-000L2 (476.94 GB);  / NVIDIA GeForce GTX 1650 Ti; Intel(R) UHD Graphics / Microsoft Windows 11 Pro / ', 'Available', NULL, NULL),
(284, 'HOF-TV-MKPL016', '5CD243HKVK', 'GF63 Thin 10SCXR', 'LAPTOP', 'Micro-Star International Co.; Ltd.', 'Intel(R) Core(TM) i5-10300H CPU @ 2.50GHz / 8 RAM /  KINGSTON RBUSNS8154P3512GJ5 (476.94 GB) / Intel(R) UHD Graphics; NVIDIA GeForce GTX 1650 with Max-Q Design / Microsoft Windows 11 Pro / ', 'Available', NULL, NULL),
(285, 'LAPTOP-8H84A3S9', 'LANRKD00438342C', 'ROG Strix G512LU_G512LU', 'LAPTOP', 'ASUSTeK COMPUTER INC.', 'Intel(R) Core(TM) i7-10750H CPU @ 2.60GHz / 16 RAM /  Intel Raid 0 Volume (953.87 GB) / NVIDIA GeForce GTX 1660 Ti; Intel(R) UHD Graphics / Microsoft Windows 11 Pro / ', 'Available', NULL, NULL),
(286, 'LAPTOP-QFJOULG3', 'PF23CDF9', '82AU', 'LAPTOP', 'LENOVO', 'Intel(R) Core(TM) i5-10300H CPU @ 2.50GHz / 16 RAM / SAMSUNG MZVLB512HBJQ-000L2 (476.94 GB);  / NVIDIA GeForce GTX 1650 Ti; Intel(R) UHD Graphics / Microsoft Windows 11 Pro / ', 'Available', NULL, NULL),
(287, 'LAPTOP-127575ON', 'PF23G6GM', '82AU', 'LAPTOP', 'LENOVO', 'Intel(R) Core(TM) i5-10300H CPU @ 2.50GHz / 8 RAM / SAMSUNG MZVLB512HBJQ-000L2 (476.94 GB);  / NVIDIA GeForce GTX 1650 Ti; Intel(R) UHD Graphics / Microsoft Windows 10 Pro / ', 'Available', NULL, NULL),
(288, 'MSI', '9S716R6121266ZN2000269', 'GF63 Thin 11SC', 'LAPTOP', 'Micro-Star International Co.; Ltd.', '11th Gen Intel(R) Core(TM) i7-11800H @ 2.30GHz / 16 RAM /  ; Micron_2400_MTFDKBA512QFM (476.94 GB) / Intel(R) UHD Graphics; NVIDIA GeForce GTX 1650 with Max-Q Design / Microsoft Windows 11 Pro / ', 'Available', NULL, NULL),
(289, 'LAPTOP-QDOBJHNN', 'PF23F2KK', '82AU', 'LAPTOP', 'LENOVO', 'Intel(R) Core(TM) i5-10300H CPU @ 2.50GHz / 16 RAM / SAMSUNG MZVLB512HBJQ-000L2 (476.94 GB);   / NVIDIA GeForce GTX 1650 Ti; Intel(R) UHD Graphics / Microsoft Windows 10 Pro / ', 'Available', NULL, NULL),
(290, 'DESKTOP-ED8VLVJ', 'PF23EARD', '82AU', 'LAPTOP', 'LENOVO', 'Intel(R) Core(TM) i5-10300H CPU @ 2.50GHz / 16 RAM / SAMSUNG MZVLB512HBJQ-000L2 (476.94 GB);   / NVIDIA GeForce GTX 1650 Ti; Intel(R) UHD Graphics / Microsoft Windows 10 Home / ', 'Available', NULL, NULL),
(291, 'DESKTOP-J97HNO1', 'PF23EDXP', '81Y6', 'LAPTOP', 'LENOVO', 'Intel(R) Core(TM) i5-10300H CPU @ 2.50GHz / 16 RAM / SAMSUNG MZVLB512HBJQ-000L2 (476.94 GB);   / NVIDIA GeForce RTX 2060 / Microsoft Windows 11 Pro / ', 'Available', NULL, NULL),
(292, NULL, 'PF23G62L', ' Legion 5 15IMH05', 'LAPTOP', 'Lenovo', 'Intel(R) Core(TM) i5-10300H CPU @ 2.50GHz / 8 RAM / SAMSUNG MZVLB512HBJQ-000L2 (476.94 GB);  / NVIDIA GeForce GTX 1650 Ti; Intel(R) UHD Graphics / Microsoft Windows 11 Pro / ', 'Available', NULL, NULL),
(293, 'HOF-AH-OPSL006', 'LANRKD004340424', 'ROG Strix G512LU_G512LU', 'LAPTOP', 'ASUSTeK COMPUTER INC.', 'Intel(R) Core(TM) i7-10750H CPU @ 2.60GHz / 16 RAM /  Intel Raid 0 Volume (953.87 GB) / NVIDIA GeForce GTX 1660 Ti; Intel(R) UHD Graphics / Microsoft Windows 11 Pro / ', 'Available', NULL, NULL),
(294, 'MSI', '9S716R612018ZLC000170', 'GF63 Thin 11UC', 'LAPTOP', 'Micro-Star International Co.; Ltd.', '11th Gen Intel(R) Core(TM) i7-11800H @ 2.30GHz / 16 RAM / KINGSTON OM8PCP3512F-AI1 (476.94 GB);   / Intel(R) UHD Graphics; NVIDIA GeForce RTX 3050 Laptop GPU / Microsoft Windows 11 Pro / ', 'Available', NULL, NULL),
(295, 'DESKTOP-AVHF7VU', '9S716W112877ZK8000007', 'GF65 Thin 10SDR', 'LAPTOP', 'Micro-Star International Co.; Ltd.', 'Intel(R) Core(TM) i7-10750H CPU @ 2.60GHz / 16 RAM / KBG40ZNV512G KIOXIA (476.94 GB);   / Intel(R) UHD Graphics; NVIDIA GeForce GTX 1660 Ti / Microsoft Windows 10 Pro / ', 'Available', NULL, NULL),
(296, 'DESKTOP-IEU81A8', 'PF23FD6W', '82AU', 'LAPTOP', 'LENOVO', 'Intel(R) Core(TM) i5-10300H CPU @ 2.50GHz / 8 RAM / SAMSUNG MZVLB512HBJQ-000L2 (476.94 GB);   / Intel(R) UHD Graphics; NVIDIA GeForce GTX 1650 / Microsoft Windows 10 Home / ', 'Available', NULL, NULL),
(297, 'LAPTOP-HVL5VP6P	', 'PF29B3F4', '81WB', 'LAPTOP', 'LENOVO', 'Intel(R) Core(TM) i5-10210U CPU @ 1.60GHz / 8 RAM / WDC PC SN520 SDAPMUW-256G-1101 (238.47 GB); ST1000LM035-1RK172 (931.51 GB);  / NVIDIA GeForce MX330; Intel(R) UHD Graphics / Microsoft Windows 10 Pro / ', 'Available', NULL, NULL),
(298, 'DESKTOP-7IJ3OE4	', '5CD8271S96', 'HP Pavilion Laptop 15-cs0xxx', 'LAPTOP', 'HP', 'Intel(R) Core(TM) i5-8250U CPU @ 1.60GHz / 4 RAM / ST1000LM035-1RK172 (931.51 GB);  SAMSUNG MZNLN128HAHQ-000H1 (119.24 GB) / NVIDIA GeForce MX150; Intel(R) UHD Graphics 620 / Microsoft Windows 10 Pro / ', 'Available', NULL, NULL),
(299, 'DESKTOP-UHAK66O	', 'J7Z2SK3', 'Inspiron 15 3511', 'LAPTOP', 'Dell Inc.', '11th Gen Intel(R) Core(TM) i5-1135G7 @ 2.40GHz / 8 RAM / 670p SSDPEKNU512GZ NVMe INTEL 512GB (476.94 GB);  / Intel(R) Iris(R) Xe Graphics; NVIDIA GeForce MX350 / Microsoft Windows 10 Pro / ', 'Available', NULL, NULL),
(300, 'DESKTOP-98AQEL5	', 'C93VWD3', 'Precision 3551', 'LAPTOP', 'Dell Inc.', 'Intel(R) Core(TM) i7-10750H CPU @ 2.60GHz / 16 RAM /  NVMe WDC WDS100T2B0C- (931.51 GB) / NVIDIA Quadro P620; Intel(R) UHD Graphics / Microsoft Windows 10 Pro / ', 'Available', NULL, NULL),
(301, 'AVAHC-ACC-010', 'PF4LZ1F1', '83ER', 'LAPTOP', 'LENOVO', '12th Gen Intel(R) Core(TM) i5-12450H / 16 RAM / SOLIDIGM SSDPFINW512GZL (476.94 GB);  / Intel(R) UHD Graphics / Microsoft Windows 11 Pro / ', 'Available', NULL, NULL),
(302, 'LAPTOP-I1EQFIJJ', 'PF2LE6C9', '20U4S5NG00', 'LAPTOP', 'LENOVO', 'Intel(R) Core(TM) i5-10210U CPU @ 1.60GHz / 16 RAM / WDC PC SN530 SDBPMPZ-512G-1001 (476.94 GB);  / Intel(R) UHD Graphics / Microsoft Windows 10 Pro / ', 'Available', NULL, NULL),
(303, 'DESKTOP-DEQNL1A', '5CD145DNQ7', 'HP ProBook 450 G8 Notebook PC', 'LAPTOP', 'HP', '11th Gen Intel(R) Core(TM) i5-1135G7 @ 2.40GHz / 12 RAM / ADATA SX6000PNP (476.94 GB);  / Intel(R) Iris(R) Xe Graphics / Microsoft Windows 10 Pro / ', 'Available', NULL, NULL),
(304, 'DESKTOP-TL9TL9M', '5CD332997N', 'HP ProBook 450 15.6 inch G10 Notebook PC', 'LAPTOP', 'HP', '13th Gen Intel(R) Core(TM) i5-1335U / 16 RAM /  SOLIDIGM SSDPFKNU512GZH (476.94 GB) / Intel(R) Iris(R) Xe Graphics / Microsoft Windows 11 Pro / ', 'Available', NULL, NULL),
(305, 'LAPTOP-O4UQC5EQ', 'PF2LEC89', '20U4S5NG00', 'LAPTOP', 'LENOVO', 'Intel(R) Core(TM) i5-10210U CPU @ 1.60GHz / 16 RAM / WDC PC SN530 SDBPMPZ-512G-1001 (476.94 GB);  / Intel(R) UHD Graphics / Microsoft Windows 10 Pro / ', 'Available', NULL, NULL),
(306, 'DESKTOP-07ET3ES', 'GTDGHX2', 'G7 7500', 'LAPTOP', 'Dell Inc.', 'Intel(R) Core(TM) i7-10750H CPU @ 2.60GHz / 16 RAM / NVMe KBG40ZNS512G NVM (476.94 GB);  / NVIDIA GeForce RTX 2060; Intel(R) UHD Graphics / Microsoft Windows 10 Home Single Language / ', 'Available', NULL, NULL),
(307, 'LAPTOP-HPIQG44A', 'MP261J1R', '20VE', 'LAPTOP', 'LENOVO', '11th Gen Intel(R) Core(TM) i5-1135G7 @ 2.40GHz / 16 RAM / NVMe SAMSUNG MZVL2512HCJQ-00BL2 (476.94 GB);  / NVIDIA GeForce MX450; Intel(R) Iris(R) Xe Graphics / Microsoft Windows 10 Pro / ', 'Available', NULL, NULL),
(308, 'DESKTOP-27ESEVP', 'MP261PVH', '20VE', 'LAPTOP', 'LENOVO', '11th Gen Intel(R) Core(TM) i5-1135G7 @ 2.40GHz / 16 RAM / NVMe SAMSUNG MZVL2512HCJQ-00BL2 (476.94 GB);  / Microsoft Basic Display Adapter / Microsoft Windows 10 Pro / ', 'Available', NULL, NULL),
(309, 'DESKTOP-UM0AS5D', 'PF4M1NQY', '83ER', 'LAPTOP', 'LENOVO', '12th Gen Intel(R) Core(TM) i5-12450H / 16 RAM / SOLIDIGM SSDPFINW512GZL (476.94 GB);  / Intel(R) UHD Graphics / Microsoft Windows 10 Home Single Language / ', 'Available', NULL, NULL),
(310, 'DESKTOP-JTCI685', 'D69DNL3', 'Vostro 5515', 'LAPTOP', 'Dell Inc.', 'AMD Ryzen 5 5500U with Radeon Graphics          / 16 RAM / KINGSTON SKC3000S512G (476.94 GB);  / Microsoft Basic Display Adapter / Microsoft Windows 10 Pro / ', 'Available', NULL, NULL),
(311, 'AVAHC-HRD-004', '5CD3329981', 'HP ProBook 450 15.6 inch G10 Notebook PC', 'LAPTOP', 'HP', '13th Gen Intel(R) Core(TM) i5-1335U / 16 RAM /  SOLIDIGM SSDPFKNU512GZH (476.94 GB) / Intel(R) Iris(R) Xe Graphics / Microsoft Windows 11 Pro / ', 'Available', NULL, NULL),
(312, 'DESKTOP-2HI9641', 'PF4M1NZR', '83ER', 'LAPTOP', 'LENOVO', '12th Gen Intel(R) Core(TM) i5-12450H, 2000 Mhz, 8 Core(s), 12 Logical Processor(s) / 16 RAM / SOLIDIGM SSDPFINW512GZL (476.94 GB);  / Intel(R) UHD Graphics / Microsoft Windows 11 Pro / ', 'Available', NULL, NULL),
(313, 'LAPTOP-5B95GPI0', 'PF2LE9FZ', '20U4S5NG00', 'LAPTOP', 'LENOVO', 'Intel(R) Core(TM) i5-10210U CPU @ 1.60GHz / 16 RAM / WDC PC SN530 SDBPMPZ-512G-1001 (476.94 GB);  / Intel(R) UHD Graphics / Microsoft Windows 10 Pro / ', 'Available', NULL, NULL),
(314, 'HOF-FS-HRDL001', 'MP29NPXP', '21DJ', 'LAPTOP', 'LENOVO', '12th Gen Intel(R) Core(TM) i5-1235U / 16 RAM / SKHynix_HFM512GD3HX015N (476.94 GB);  / Intel(R) Iris(R) Xe Graphics / Microsoft Windows 10 Pro / ', 'Available', NULL, NULL),
(315, 'HOF-AH-ACCL50', 'PF2LE52Z', '20U4S5NG00', 'LAPTOP', 'LENOVO', 'Intel(R) Core(TM) i5-10210U CPU @ 1.60GHz / 16 RAM / WDC PC SN530 SDBPMPZ-512G-1001 (476.94 GB);  / Intel(R) UHD Graphics / Microsoft Windows 10 Pro / ', 'Available', NULL, NULL),
(316, 'DESKTOP-U8I0BFM', 'F3D1LF3', 'Inspiron 15 3501', 'LAPTOP', 'Dell Inc.', '11th Gen Intel(R) Core(TM) i5-1135G7 @ 2.40GHz / 8 RAM / 670p SSDPEKNU512GZ NVMe INTEL 512GB (476.94 GB);  / Intel(R) Iris(R) Xe Graphics; NVIDIA GeForce MX350 / Microsoft Windows 10 Pro / ', 'Available', NULL, NULL),
(317, 'DESKTOP-SBRPCG0', '5CD332999N', 'HP ProBook 450 15.6 inch G10 Notebook PC', 'LAPTOP', 'HP', '13th Gen Intel(R) Core(TM) i5-1335U / 8 RAM / SOLIDIGM SSDPFKNU512GZH (476.94 GB);   / Intel(R) UHD Graphics / Microsoft Windows 11 Pro / ', 'Available', NULL, NULL),
(318, 'AVAHC-FIN-003', '5CD3271KDP', 'HP ProBook 440 14 inch G10 Notebook PC', 'LAPTOP', 'HP', '13th Gen Intel(R) Core(TM) i5-1335U / 8 RAM / WD PC SN740 SDDPNQD-512G-1006 (476.94 GB);  / Intel(R) UHD Graphics / Microsoft Windows 11 Pro / ', 'Available', NULL, NULL),
(319, 'DESKTOP-G8RFKVB', '5CD3271KC7', 'HP ProBook 440 14 inch G10 Notebook PC', 'LAPTOP', 'HP', '13th Gen Intel(R) Core(TM) i5-1335U / 8 RAM / WD PC SN740 SDDPNQD-512G-1006 (476.94 GB);  / Intel(R) UHD Graphics / Microsoft Windows 11 Pro / ', 'Available', NULL, NULL),
(320, 'HOF-AH-OPSL023', 'MP2CVDY6', '21DH', 'LAPTOP', 'LENOVO', '12th Gen Intel(R) Core(TM) i5-1235U / 8 RAM / SKHynix_HFM512GD3HX015N (476.94 GB);  / Intel  UHD Graphics /  / ', 'Available', NULL, NULL),
(321, 'DESKTOP-E8R4JM2', 'NXK6TSP0032371356C3400', 'Aspire A315-59', 'LAPTOP', 'Acer', '12th Gen Intel(R) Core(TM) i5-1235U / 8 RAM / Micron_2450_MTFDKBA512TFK / Intel  UHD Graphics /  / ', 'Available', NULL, NULL),
(322, 'DESKTOP-GQA2VDT', '5CD31248KP', 'HP ProBook 440 14 inch G9 Notebook PC', 'LAPTOP', 'HP', '12th Gen Intel(R) Core(TM) i5-1235U / 16 RAM / SK hynix BC711 HFM512GD3JX013N (476.94 GB);  / Intel(R) Iris(R) Xe Graphics / Microsoft Windows 11 Pro / ', 'Available', NULL, NULL),
(323, 'HOF-AD-MERL011', '5CD1463Y69', 'ProBook 440 G8 Notebook PC', 'LAPTOP', 'HP', '11th Gen Intel(R) Core(TM) i5-1135G7 @ 2.40GHz   2.42 GHz / 16 RAM / MTFDHBA51QFD-1AX1AABH / Intel(R) Iris(R) Xe Graphics / Windows 10-Pro / ', 'Available', NULL, NULL),
(324, 'DESKTOP-ED8VLVJ', 'PF23EARD', '82AU', 'LAPTOP', 'LENOVO', 'Intel(R) Core(TM) i5-10300H CPU @ 2.50GHz / 16 RAM /  SAMSUNG MZVLB512HBJQ-000L2 (476.94 GB) / NVIDIA GeForce GTX 1650 Ti; Intel(R) UHD Graphics / Microsoft Windows 10 Home / ', 'Available', NULL, NULL),
(325, 'HOF-AD-MERL008', '5CD1463XGH', 'HP ProBook 440 G8 Notebook PC', 'LAPTOP', 'HP', '11th Gen Intel(R) Core(TM) i5-1135G7 @ 2.40GHz / 16 RAM / MTFDHBA512QFD-1AX1AABHA (476.94 GB);  / Intel(R) Iris(R) Xe Graphics / Microsoft Windows 10 Pro / ', 'Available', NULL, NULL),
(326, 'DESKTOP-HK7LS2C', '5CD3271KQB', 'HP ProBook 440 14 inch G10 Notebook PC', 'LAPTOP', 'HP', '13th Gen Intel(R) Core(TM) i5-1335U / 8 RAM / WD PC SN740 SDDPNQD-512G-1006 (476.94 GB);  / Microsoft Basic Display Adapter / Microsoft Windows 10 Pro / ', 'Available', NULL, NULL),
(327, 'HOF-ADM-ACCL017', '5CD0128MJK', 'HP ProBook 440 G7', 'LAPTOP', 'HP', 'Intel(R) Core(TM) i5-10210U CPU @ 1.60GHz / 8 RAM / SAMSUNG MZVLQ512HBLU-00BTW (476.94 GB);  / Intel(R) UHD Graphics / Microsoft Windows 11 Pro / ', 'Available', NULL, NULL),
(328, 'HOF-FS-MKTL006', 'NXVPNSP0982100DBAB7600', 'TravelMate P214-53', 'LAPTOP', 'Acer', '11th Gen Intel(R) Core(TM) i5-1135G7 @ 2.40GHz / 8 RAM /  NVMe SAMSUNG MZVLQ512HBLU-00BTW (476.94 GB) / Intel(R) Iris(R) Xe Graphics / Microsoft Windows 11 Pro / ', 'Available', NULL, NULL),
(329, 'LAPTOP-4P082MJ7', 'PF1T4DSB', '81Y6', 'LAPTOP', 'LENOVO', 'Intel(R) Core(TM) i7-10750H CPU @ 2.60GHz / 16 RAM / WDC PC SN730 SDBPNTY-1T00-1101 (953.86 GB);  / NVIDIA GeForce RTX 2060 / Microsoft Windows 10 Pro / ', 'Available', NULL, NULL),
(330, 'HOF-AD-MERL055', 'M9NXCV211496394', 'VivoBook_ASUSLaptop X415EA_P1411CEA', 'LAPTOP', 'ASUSTeK COMPUTER INC.', '11th Gen Intel(R) Core(TM) i5-1135G7 @ 2.40GHz / 8 RAM / NVMe INTEL SSDPEKNU512GZ (476.94 GB); / Intel(R) Iris(R) Xe Graphics / Microsoft Windows 11 Pro / ', 'Available', NULL, NULL),
(331, 'LAPTOP-9T4R4CCE', 'PF2LE6F4', '20U4S5NG00', 'LAPTOP', 'LENOVO', 'Intel(R) Core(TM) i5-10210U CPU @ 1.60GHz / 16 RAM /  ; WDC PC SN530 SDBPMPZ-512G-1001 (476.94 GB) / Intel(R) UHD Graphics / Microsoft Windows 11 Pro / ', 'Available', NULL, NULL),
(332, 'DESKTOP-2JJO111', 'PF27CCY5', '81WD', 'LAPTOP', 'LENOVO', 'Intel(R) Core(TM) i5-1035G1 CPU @ 1.00GHz / 8 RAM / SKHynix_HFM512GDHTNI-87A0B (476.94 GB);   / Intel(R) UHD Graphics; NVIDIA GeForce MX330 / Microsoft Windows 11 Pro / ', 'Available', NULL, NULL),
(333, 'DESKTOP-FT82F76', '5MGJ473', 'Latitude 5400', 'LAPTOP', 'Dell Inc.', 'Intel(R) Core(TM) i5-8265U CPU @ 1.60GHz / 12 RAM / NVMe WDC PC SN530 SDB (238.47 GB);   / Microsoft Basic Display Adapter / Microsoft Windows 10 Home Single Language / ', 'Available', NULL, NULL),
(334, 'DESKTOP-1N541KN', 'PF17K7L2', '20KN002YPH', 'LAPTOP', 'LENOVO', 'Intel(R) Core(TM) i5-8250U CPU @ 1.60GHz / 16 RAM / ST1000LM035-1RK172 (931.51 GB);   / Intel(R) UHD Graphics 620 / Microsoft Windows 10 Pro / ', 'Available', NULL, NULL),
(335, 'DESKTOP-F2UMFO0', '5CD9411RBF', 'HP ProBook 440 G6', 'LAPTOP', 'HP', 'Intel(R) Core(TM) i5-8265U CPU @ 1.60GHz / 8 RAM / WDC WD10SPZX-60Z10T0 (931.51 GB);   / Intel(R) UHD Graphics 620 / Microsoft Windows 10 Pro / ', 'Available', NULL, NULL),
(336, 'DESKTOP-Q58QLC0', '5CD0128MJ1', 'HP ProBook 440 G7', 'LAPTOP', 'HP', 'Intel(R) Core(TM) i5-10210U CPU @ 1.60GHz / 8 RAM /  ; ST1000LM049-2GH172 (931.51 GB) / Intel(R) UHD Graphics / Microsoft Windows 10 Pro / ', 'Available', NULL, NULL),
(337, 'DESKTOP-HPI28AI', '5CD9216307', 'HP ProBook 440 G6', 'LAPTOP', 'HP', 'Intel(R) Core(TM) i5-8265U CPU @ 1.60GHz / 8 RAM / ST1000LM035-1RK172 (931.51 GB);   / Intel(R) UHD Graphics 620 / Microsoft Windows 10 Pro / ', 'Available', NULL, NULL),
(338, 'DESKTOP-6JISNR4', '5CD911221D', 'HP ProBook 440 G5', 'LAPTOP', 'HP', 'Intel(R) Core(TM) i5-8250U CPU @ 1.60GHz / 8 RAM / WDC WD10SPZX-60Z10T0 (931.51 GB);   / Microsoft Basic Display Adapter / Microsoft Windows 10 Pro / ', 'Available', NULL, NULL),
(339, 'DESKTOP-L8H0LI9', 'PF2NAHWM', '20TA0076PH', 'LAPTOP', 'LENOVO', '11th Gen Intel(R) Core(TM) i5-1135G7 @ 2.40GHz / 8 RAM / SAMSUNG MZALQ512HALU-000L1 (476.94 GB);   / Intel(R) Iris(R) Xe Graphics / Microsoft Windows 10 Pro / ', 'Available', NULL, NULL),
(340, 'HOF-AH-MERL059', 'PF18EWLZ', '20KN002YPH', 'LAPTOP', 'LENOVO', 'Intel(R) Core(TM) i5-8250U CPU @ 1.60GHz / 8 RAM / WDC WD10SPZX-08Z10 (931.51 GB);   / Intel(R) UHD Graphics 620 / Microsoft Windows 10 Pro / ', 'Available', NULL, NULL),
(341, 'DESKTOP-229FJF7', '5CD3271KCW', 'HP ProBook 440 14 inch G10 Notebook PC', 'LAPTOP', 'HP', '13th Gen Intel(R) Core(TM) i5-1335U / 8 RAM / WD PC SN740 SDDPNQD-512G-1006 (476.94 GB);   / Intel(R) UHD Graphics / Microsoft Windows 11 Pro / ', 'Available', NULL, NULL),
(342, 'DESKTOP-2Q1T2UK', '5CD3271K8Z', 'HP ProBook 440 14 inch G10 Notebook PC', 'LAPTOP', 'HP', '13th Gen Intel(R) Core(TM) i5-1335U / 8 RAM / WD PC SN740 SDDPNQD-512G-1006 (476.94 GB);   / Intel(R) UHD Graphics / Microsoft Windows 11 Pro / ', 'Available', NULL, NULL),
(343, 'DESKTOP-IMKNCIS', '5CD9112214', 'HP ProBook 440 G5', 'LAPTOP', 'HP', 'Intel(R) Core(TM) i5-8250U CPU @ 1.60GHz / 8 RAM / WDC WD10SPZX-60Z10T0 (931.51 GB);   / Microsoft Basic Display Adapter / Microsoft Windows 10 Pro / ', 'Available', NULL, NULL),
(344, 'LAPTOP-6JKDGBDJ', 'NXVPNSP03V146221997600', 'TravelMate P214-53', 'LAPTOP', 'Acer', '11th Gen Intel(R) Core(TM) i5-1135G7 @ 2.40GHz / 8 RAM / NVMe WDC PC SN530 SDBPNPZ-256G-1114 (238.47 GB); WDC WD10SPZX-21Z10T0 (931.51 GB);   / Intel(R) Iris(R) Xe Graphics / Microsoft Windows 10 Pro / ', 'Available', NULL, NULL),
(345, 'DESKTOP-G332ITD', 'PF39WH2R', '81X7', 'LAPTOP', 'LENOVO', '11th Gen Intel(R) Core(TM) i3-1115G4 @ 3.00GHz / 8 RAM / NVMe UMIS RPJTJ512MEE1OWX (476.94 GB);   / Intel(R) UHD Graphics / Microsoft Windows 10 Home Single Language / ', 'Available', NULL, NULL),
(346, 'DESKTOP-5F2QD25', '8CG0350W89', 'HP Pavilion x360 Convertible 14-dh1xxx', 'LAPTOP', 'HP', 'Intel(R) Core(TM) i7-10510U CPU @ 1.80GHz / 8 RAM / SAMSUNG MZVLQ256HAJD-000H1 (238.47 GB); TOSHIBA MQ04ABF100 (931.51 GB);   / Intel(R) UHD Graphics; NVIDIA GeForce MX250 / Microsoft Windows 10 Pro / ', 'Available', NULL, NULL),
(347, 'AVTVSI-PUR-001', '5CD3259J0K', 'HP ProBook 440 14 inch G10 Notebook PC', 'LAPTOP', 'HP', '13th Gen Intel(R) Core(TM) i5-1335U / 8 RAM / SAMSUNG MZVL4512HBLU-00BH1 (476.94 GB);   / Intel(R) UHD Graphics / Microsoft Windows 11 Pro / ', 'Available', NULL, NULL),
(348, 'DESKTOP-K18DCVP', '5CD1463YJZ', 'HP ProBook 440 G8 Notebook PC', 'LAPTOP', 'HP', '11th Gen Intel(R) Core(TM) i5-1135G7 @ 2.40GHz / 16 RAM / MTFDHBA512QFD-1AX1AABHA (476.94 GB);   / Intel(R) Iris(R) Xe Graphics / Microsoft Windows 10 Pro / ', 'Available', NULL, NULL),
(349, 'HOF-AH-ECOM001', 'F4H3R93', 'Inspiron 14 5410', 'LAPTOP', 'Dell Inc.', '11th Gen Intel(R) Core(TM) i5-11300H @ 3.10GHz / 8 RAM / NVMe PC SN530 NVMe WDC 512GB (476.94 GB);   / NVIDIA GeForce MX450; Intel(R) Iris(R) Xe Graphics / Microsoft Windows 10 Pro / ', 'Available', NULL, NULL),
(350, 'HOF-AHSC-L001', '9S716S611075ZKA000004', 'Prestige 15 A11SCX', 'LAPTOP', 'Micro-Star International Co.; Ltd.', '11th Gen Intel(R) Core(TM) i7-1185G7 @ 3.00GHz / 16 RAM / Phison 1TB SM2801T24GKBB4S-E162 (953.86 GB);   / NVIDIA GeForce GTX 1650 with Max-Q Design; Intel(R) Iris(R) Xe Graphics / Microsoft Windows 11 Pro / ', 'Available', NULL, NULL),
(351, 'HOF-AHSC-L001', 'K2010N1118220', 'Prestige 15 A11SCX', 'LAPTOP', 'Micro-Star International Co.; Ltd.', '11th Gen Intel(R) Core(TM) i7-1185G7 @ 3.00GHz / 16 RAM / Phison 1TB SM2801T24GKBB4S-E162 (953.86 GB);   / NVIDIA GeForce GTX 1650 with Max-Q Design; Intel(R) Iris(R) Xe Graphics / Microsoft Windows 11 Pro / ', 'Available', NULL, NULL),
(352, 'DESKTOP-FGGC0NS', '5CD9524T07', 'HP ProBook 440 G6', 'LAPTOP', 'HP', 'Intel(R) Core(TM) i5-8265U CPU @ 1.60GHz / 8 RAM / MTFDHBA256TCK-1AS1AABHA (238.47 GB); WDC WD5000LPLX-60ZNTT2 (465.76 GB);   / Intel(R) UHD Graphics 620 / Microsoft Windows 10 Pro / ', 'Available', NULL, NULL),
(353, 'LAPTOP-S390S5KO', 'M9NXCV21U93639E', 'VivoBook_ASUSLaptop X415EA_P1411CEA', 'LAPTOP', 'ASUSTeK COMPUTER INC.', '11th Gen Intel(R) Core(TM) i5-1135G7 @ 2.40GHz / 8 RAM / NVMe INTEL SSDPEKNU512GZ (476.94 GB);   / Intel(R) Iris(R) Xe Graphics / Microsoft Windows 10 Pro / ', 'Available', NULL, NULL),
(354, 'DESKTOP-HS5TMK0', '5CD9524T06', 'HP ProBook 440 G6', 'LAPTOP', 'HP', 'Intel(R) Core(TM) i5-8265U CPU @ 1.60GHz / 8 RAM / WDC WD5000LPLX-60ZNTT2 (465.76 GB); MTFDHBA256TCK-1AS1AABHA (238.47 GB);   / Intel(R) UHD Graphics 620 / Microsoft Windows 11 Pro / ', 'Available', NULL, NULL),
(355, 'LAPTOP-7QKT9ASG', 'MP26DSXM', '20VD', 'LAPTOP', 'LENOVO', '11th Gen Intel(R) Core(TM) i5-1135G7 @ 2.40GHz / 8 RAM / NVMe SAMSUNG MZVL2512HCJQ-00BL2 (476.94 GB);   / Intel(R) Iris(R) Xe Graphics / Microsoft Windows 10 Pro / ', 'Available', NULL, NULL),
(356, 'DESKTOP-MJ1DPB0', 'H46D2X2', 'Latitude 5400', 'LAPTOP', 'Dell Inc.', 'Intel(R) Core(TM) i7-8665U CPU @ 1.90GHz / 16 RAM / BC501 NVMe SK hynix 256GB (238.47 GB); ST1000LM049-2GH172 (931.51 GB);   / Microsoft Basic Display Adapter / Microsoft Windows 10 Pro / ', 'Available', NULL, NULL),
(357, 'DESKTOP-MJ1DPB0', 'H46D2X2', 'Latitude 5400', 'LAPTOP', 'Dell Inc.', 'Intel(R) Core(TM) i7-8665U CPU @ 1.90GHz / 16 RAM / BC501 NVMe SK hynix 256GB (238.47 GB); ST1000LM049-2GH172 (931.51 GB);   / Microsoft Basic Display Adapter / Microsoft Windows 10 Pro / ', 'Available', NULL, NULL),
(358, 'DESKTOP-JKP4M4Q', 'D5G3R93', 'Inspiron 14 5410', 'LAPTOP', 'Dell Inc.', '11th Gen Intel(R) Core(TM) i5-11300H @ 3.10GHz / 8 RAM / NVMe PC SN530 NVMe WDC 512GB (476.94 GB);   / NVIDIA GeForce MX450; Intel(R) Iris(R) Xe Graphics / Microsoft Windows 10 Pro / ', 'Available', NULL, NULL),
(359, 'DESKTOP-RQ7G2QI', 'PF2ZDNQ3', '82NC', 'LAPTOP', 'LENOVO', '11th Gen Intel(R) Core(TM) i7-11370H @ 3.30GHz / 16 RAM / SKHynix_HFS512GDE9X084N (476.94 GB);   / Intel(R) Iris(R) Xe Graphics; NVIDIA GeForce MX450 / Microsoft Windows 10 Home Single Language / ', 'Available', NULL, NULL),
(360, 'DESKTOP-192MN1S', '5CD9524T02', 'HP ProBook 440 G6', 'LAPTOP', 'HP', 'Intel(R) Core(TM) i5-8265U CPU @ 1.60GHz / 8 RAM / WDC WD5000LPLX-60ZNTT2 (465.76 GB); MTFDHBA256TCK-1AS1AABHA (238.47 GB);   / Intel(R) UHD Graphics 620 / Microsoft Windows 11 Pro / ', 'Available', NULL, NULL),
(361, 'DESKTOP-20ND7F5', 'PF27D6AP', '81WD', 'LAPTOP', 'LENOVO', 'Intel(R) Core(TM) i5-1035G1 CPU @ 1.00GHz / 8 RAM / SKHynix_HFM512GDHTNI-87A0B (476.94 GB);   / Intel(R) UHD Graphics; NVIDIA GeForce MX330 / Microsoft Windows 11 Pro / ', 'Available', NULL, NULL),
(362, 'DESKTOP-NQ1SJFS', 'NXVPQSP0312021C1A37600', 'TravelMate P214-53G', 'LAPTOP', 'Acer', '11th Gen Intel(R) Core(TM) i5-1135G7 @ 2.40GHz / 8 RAM / NVMe HFM128GD3JX016N (119.24 GB); WDC WD10SPZX-21Z10T0 (931.51 GB);   / Intel(R) Iris(R) Xe Graphics; NVIDIA GeForce MX330 / Microsoft Windows 10 Pro / ', 'Available', NULL, NULL),
(363, 'DESKTOP-CITB2RP', '5CD0128MJY', 'HP ProBook 440 G7', 'LAPTOP', 'HP', 'Intel(R) Core(TM) i5-10210U CPU @ 1.60GHz / 8 RAM / INTEL MEMPEK1J016GAH (13.41 GB); ST1000LM049-2GH172 (931.51 GB);   / Microsoft Basic Display Adapter / Microsoft Windows 10 Pro / ', 'Available', NULL, NULL),
(364, 'HOF-ADR-MERL056', 'M9NXCV211541397', 'VivoBook_ASUSLaptop X415EA_P1411CEA', 'LAPTOP', 'ASUSTeK COMPUTER INC.', '11th Gen Intel(R) Core(TM) i5-1135G7 @ 2.40GHz / 8 RAM / NVMe INTEL SSDPEKNU512GZ (476.94 GB);   / Intel(R) Iris(R) Xe Graphics / Microsoft Windows 10 Pro / ', 'Available', NULL, NULL),
(365, 'LAPTOP-MJMMGFMN', 'NXA1WSP00304602D4C3400', 'Aspire A514-54G', 'LAPTOP', 'Acer', '11th Gen Intel(R) Core(TM) i7-1165G7 @ 2.80GHz / 8 RAM / NVMe WDC PC SN530 SDBPNPZ-256G-1114 (238.47 GB); ST1000LM035-1RK172 (931.51 GB);   / Intel(R) Iris(R) Xe Graphics; NVIDIA GeForce MX350 / Microsoft Windows 10 Pro / ', 'Available', NULL, NULL),
(366, 'LAPTOP-E5O35TFI', 'M9NXCV21V026395', 'VivoBook_ASUSLaptop X415EA_P1411CEA', 'LAPTOP', 'ASUSTeK COMPUTER INC.', '11th Gen Intel(R) Core(TM) i5-1135G7 @ 2.40GHz / 8 RAM / NVMe INTEL SSDPEKNU512GZ (476.94 GB);   / Intel(R) Iris(R) Xe Graphics / Microsoft Windows 10 Pro / ', 'Available', NULL, NULL),
(367, 'HOF-AH-OPSL040', 'PF3963VQ', '20X10075PH', 'LAPTOP', 'LENOVO', '11th Gen Intel(R) Core(TM) i5-1135G7 @ 2.40GHz / 8 RAM / KXG6AZNV512G TOSHIBA (476.94 GB);   / Intel(R) Iris(R) Xe Graphics / Microsoft Windows 10 Pro / ', 'Available', NULL, NULL),
(368, 'LAPTOP-18GU5RH7', 'M9NXCV21U976391', 'VivoBook_ASUSLaptop X415EA_P1411CEA', 'LAPTOP', 'ASUSTeK COMPUTER INC.', '11th Gen Intel(R) Core(TM) i5-1135G7 @ 2.40GHz / 8 RAM / NVMe INTEL SSDPEKNU512GZ (476.94 GB);   / Intel(R) Iris(R) Xe Graphics / Microsoft Windows 10 Pro / ', 'Available', NULL, NULL),
(369, 'LAPTOP-ACCAT25S', 'M9NXCV21V02439C', 'VivoBook_ASUSLaptop X415EA_P1411CEA', 'LAPTOP', 'ASUSTeK COMPUTER INC.', '11th Gen Intel(R) Core(TM) i5-1135G7 @ 2.40GHz / 8 RAM / NVMe INTEL SSDPEKNU512GZ (476.94 GB);   / Intel(R) Iris(R) Xe Graphics / Microsoft Windows 11 Pro / ', 'Available', NULL, NULL),
(370, 'AVAHC-MER012', 'NXB12SP00D3370C2CC7600', 'TravelMate P214-55', 'LAPTOP', 'Acer', '13th Gen Intel(R) Core(TM) i5-1335U / 8 RAM / NVMe KINGSTON OM8SEP4512Q-AA (476.94 GB);   / Intel(R) UHD Graphics / Microsoft Windows 11 Pro / ', 'Available', NULL, NULL),
(371, 'DESKTOP-2SKFI8P', '8CG0350W8D', 'HP Pavilion x360 Convertible 14-dh1xxx', 'LAPTOP', 'HP', 'Intel(R) Core(TM) i7-10510U CPU @ 1.80GHz / 8 RAM / SAMSUNG MZVLQ256HAJD-000H1 (238.47 GB); TOSHIBA MQ04ABF100 (931.51 GB);   / Intel(R) UHD Graphics; NVIDIA GeForce MX250 / Microsoft Windows 11 Pro / ', 'Available', NULL, NULL),
(372, 'DESKTOP-B6M0MB8', '5CD0128MJ7', 'HP ProBook 440 G7', 'LAPTOP', 'HP', 'Intel(R) Core(TM) i5-10210U CPU @ 1.60GHz / 8 RAM / ST1000LM049-2GH172 (931.51 GB);   / Intel(R) UHD Graphics / Microsoft Windows 10 Pro / ', 'Available', NULL, NULL),
(373, 'HOF-GA-OPSL005', 'NXVPNSP03V146222057600', 'TravelMate P214-53', 'LAPTOP', 'Acer', '11th Gen Intel(R) Core(TM) i5-1135G7 / 8 RAM / NVMe KINGSTON OM8SEP4512Q-AA (239.94 GB);   / Intel(R) UHD Graphics / Microsoft Windows 11 Pro / ', 'Available', NULL, NULL),
(374, 'HOF-AHC-MERL101', 'NXA1WSP0030460301E3400', 'Aspire A514-54G', 'LAPTOP', 'Acer', '11th Gen Intel(R) Core(TM) i7-1165G7 @ 2.80GHz / 8 RAM / NVMe WDC PC SN530 SDBPNPZ-256G-1114 (238.47 GB); ST1000LM035-1RK172 (931.51 GB);   / Intel(R) Iris(R) Xe Graphics; NVIDIA GeForce MX350 / Microsoft Windows 10 Pro / ', 'Available', NULL, NULL),
(375, 'HOF-TVS-FML011', 'MP26DGNY', '20VD', 'LAPTOP', 'LENOVO', '11th Gen Intel(R) Core(TM) i5-1135G7 @ 2.40GHz / 8 RAM / NVMe SAMSUNG MZVL2512HCJQ-00BL2 (476.94 GB);   / Intel(R) Iris(R) Xe Graphics / Microsoft Windows 10 Pro / ', 'Available', NULL, NULL),
(376, 'DESKTOP-K9FQ6S7', 'PF1SXQV9', '82AU', 'LAPTOP', 'LENOVO', 'Intel(R) Core(TM) i7-10750H CPU @ 2.60GHz / 16 RAM / Micron MTFDHBA512TDV (476.94 GB);   / NVIDIA GeForce GTX 1650 Ti; Intel(R) UHD Graphics / Microsoft Windows 10 Pro / ', 'Available', NULL, NULL),
(377, 'HOF-FS-ACCL055', '32H3R93', 'Inspiron 14 5410', 'LAPTOP', 'Dell Inc.', '11th Gen Intel(R) Core(TM) i5-11300H @ 3.10GHz / 8 RAM / NVMe PC SN530 NVMe WDC 512GB (476.94 GB);   / NVIDIA GeForce MX450; Intel(R) Iris(R) Xe Graphics / Microsoft Windows 11 Pro / ', 'Available', NULL, NULL),
(378, 'AVFSUI-ACC-001', '5CD33299C1', 'HP ProBook 450 15.6 inch G10 Notebook PC', 'LAPTOP', 'HP', '13th Gen Intel(R) Core(TM) i5-1335U / 8 RAM / SOLIDIGM SSDPFKNU512GZH (476.94 GB);   / Intel(R) UHD Graphics / Microsoft Windows 11 Pro / ', 'Available', NULL, NULL),
(379, 'HOF-AH-ACCL079', '5CD1463YH3', 'HP ProBook 440 G8 Notebook PC', 'LAPTOP', 'HP', '11th Gen Intel(R) Core(TM) i5-1135G7 @ 2.40GHz / 16 RAM / MTFDHBA512QFD-1AX1AABHA (476.94 GB);   / Intel(R) Iris(R) Xe Graphics / Microsoft Windows 11 Pro / ', 'Available', NULL, NULL),
(380, 'HOF-AH-ACCL070', 'PF2LE50B', '20U4S5NG00', 'LAPTOP', 'LENOVO', 'Intel(R) Core(TM) i5-10210U CPU @ 1.60GHz / 16 RAM / WDC PC SN530 SDBPMPZ-512G-1001 (476.94 GB);   / Intel(R) UHD Graphics / Microsoft Windows 11 Pro / ', 'Available', NULL, NULL),
(381, 'AVAHC-FIN-002', '5CD3259J4F', 'HP ProBook 440 14 inch G10 Notebook PC', 'LAPTOP', 'HP', '13th Gen Intel(R) Core(TM) i5-1335U / 8 RAM / SAMSUNG MZVL4512HBLU-00BH1 (476.94 GB);   / Intel(R) UHD Graphics / Microsoft Windows 11 Pro / ', 'Available', NULL, NULL),
(382, 'HOF-AD-MERL001', '5CD1463XGB', 'HP ProBook 440 14 inch G8 Notebook PC', 'LAPTOP', 'HP', '11th Gen Intel(R) Core(TM) i5-1135G7 / 16 RAM / SAMSUNG MZVL4512HBLU-00BH1 (476.94 GB);   / Intel(R) UHD Graphics / Microsoft Windows 11 Pro / ', 'Available', NULL, NULL),
(383, 'AVAHC-AUD-001', 'NXB12SP00D3370C3007600', 'TravelMate P214-55', 'LAPTOP', 'Acer', '13th Gen Intel(R) Core(TM) i5-1335U / 8 RAM / NVMe KINGSTON OM8SEP4512Q-AA (476.94 GB);   / Intel(R) UHD Graphics / Microsoft Windows 11 Pro / ', 'Available', NULL, NULL),
(384, 'HOF-AD-ACCL093', 'M9NXCV21147639A', 'VivoBook_ASUSLaptop X415EA_P1411CEA', 'LAPTOP', 'ASUSTeK COMPUTER INC.', '11th Gen Intel(R) Core(TM) i5-1135G7 @ 2.40GHz / 8 RAM / NVMe INTEL SSDPEKNU512GZ (476.94 GB);   / Intel(R) Iris(R) Xe Graphics / Microsoft Windows 11 Pro / ', 'Available', NULL, NULL),
(385, 'DESKTOP-SR765IN', 'PF46PG2X', '21ECS0MQ00', 'LAPTOP', 'LENOVO', 'AMD Ryzen 5 5625U with Radeon Graphics          / 16 RAM / Micron MTFDKCD512TFK (476.94 GB);   / AMD Radeon (TM) Graphics / Microsoft Windows 10 Pro / ', 'Available', NULL, NULL),
(386, 'DESKTOP-9SU4796', '5CD1463YJS', 'HP ProBook 440 G8 Notebook PC', 'LAPTOP', 'HP', '11th Gen Intel(R) Core(TM) i5-1135G7 @ 2.40GHz / 16 RAM / MTFDHBA512QFD-1AX1AABHA (476.94 GB);   / Intel(R) Iris(R) Xe Graphics / Microsoft Windows 10 Pro / ', 'Available', NULL, NULL),
(387, 'HOF-AD-MERL006', '5CD1463XG1', 'HP ProBook 440 G8 Notebook PC', 'LAPTOP', 'HP', '11th Gen Intel(R) Core(TM) i5-1135G7 @ 2.40GHz / 16 RAM / MTFDHBA512QFD-1AX1AABHA (476.94 GB);   / Intel(R) Iris(R) Xe Graphics / Microsoft Windows 10 Pro / ', 'Available', NULL, NULL),
(388, 'HOF-TV-HRDL003', 'PF46P6DQ', '21ECS0MQ00', 'LAPTOP', 'LENOVO', 'AMD Ryzen 5 5625U with Radeon Graphics          / 16 RAM / Micron MTFDKCD512TFK (476.94 GB);   / AMD Radeon (TM) Graphics / Microsoft Windows 10 Pro / ', 'Available', NULL, NULL),
(389, 'HOF-AH-OPSL040', 'PF3963VQ', '20X10075PH', 'LAPTOP', 'LENOVO', '11th Gen Intel(R) Core(TM) i5-1135G7 @ 2.40GHz / 8 RAM / KXG6AZNV512G TOSHIBA (476.94 GB);   / Intel(R) Iris(R) Xe Graphics / Microsoft Windows 10 Pro / ', 'Available', NULL, NULL),
(390, 'STR-AH-OPSL044', 'NXVPNSP098210022137600', 'TravelMate P214-53', 'LAPTOP', 'Acer', '11th Gen Intel(R) Core(TM) i5-1135G7 @ 2.40GHz / 8 RAM / NVMe WDC PC SN530 SDBPNPZ-512G-1114 (476.94 GB);   / Intel(R) Iris(R) Xe Graphics / Microsoft Windows 11 Pro / ', 'Available', NULL, NULL),
(391, 'STR-AH-OPSL-45', 'NXVPNSP0982100DC047600', 'TravelMate P214-53', 'LAPTOP', 'Acer', '11th Gen Intel(R) Core(TM) i5-1135G7 @ 2.40GHz / 8 RAM / NVMe SAMSUNG MZVLQ512HBLU-00BTW (476.94 GB);   / Intel(R) Iris(R) Xe Graphics / Microsoft Windows 11 Pro / ', 'Available', NULL, NULL);

-- --------------------------------------------------------

--
-- Table structure for table `employee`
--

CREATE TABLE `employee` (
  `emp_id` int(11) NOT NULL,
  `fname` varchar(255) NOT NULL,
  `lname` varchar(255) NOT NULL,
  `mname` varchar(50) DEFAULT NULL,
  `phone_no` varchar(50) DEFAULT NULL,
  `email` varchar(255) DEFAULT NULL,
  `emp_status` text NOT NULL,
  `dept_id` int(11) NOT NULL,
  `des_id` int(11) NOT NULL,
  `loc_id` int(11) NOT NULL,
  `bu_id` int(11) NOT NULL
) ENGINE=InnoDB DEFAULT CHARSET=utf8mb4 COLLATE=utf8mb4_general_ci;

--
-- Dumping data for table `employee`
--

INSERT INTO `employee` (`emp_id`, `fname`, `lname`, `mname`, `phone_no`, `email`, `emp_status`, `dept_id`, `des_id`, `loc_id`, `bu_id`) VALUES
(1, ' DANILO JR', 'MAURICIO', NULL, '09556571337 / 09478498376', NULL, 'AGENCY - PEOPLESERVE Active', 1, 1, 1, 1),
(2, ' MAHENDRAN', 'MANIKAM', NULL, '9189029165', NULL, 'DIRECT Active', 2, 2, 2, 1),
(3, ' SHASHEIL MAUREEN', 'NAVARRO', NULL, '9770233863', NULL, 'DIRECT Active', 3, 3, 3, 2),
(4, ' KARREN ELOISA MAE', 'CABRERA', NULL, '9263739155', NULL, 'DIRECT ', 4, 4, 3, 3),
(5, ' ANGELBERT', 'DE RAMOS', NULL, '9455242633', NULL, 'DIRECT Transferred In', 5, 5, 2, 4),
(6, ' LYCA', 'BAUTRO', NULL, '9190820567', NULL, 'DIRECT Active', 6, 6, 2, 3),
(7, ' ANNELOU MARIE', 'BUENAFE', NULL, '9096050594', NULL, 'AGENCY - PEOPLESERVE Active', 7, 7, 2, 1),
(8, ' RAM', 'NOGUET', NULL, '9209848061', NULL, 'DIRECT Active', 8, 8, 4, 5),
(9, ' ROBILYN', 'PANGANIBAN', NULL, '9918304204', NULL, 'DIRECT Active', 9, 9, 2, 1),
(10, ' KATRINE JOY', 'LUSTRACION', NULL, '9366388235', NULL, 'DIRECT Active', 9, 9, 2, 1),
(11, ' CHERRY', 'CASTANEDA', NULL, '9176521828', NULL, 'DIRECT Active', 10, 10, 5, 2),
(12, ' ALLIAH', 'PALARA', NULL, '9934740329', NULL, 'DIRECT Active', 5, 11, 2, 4),
(13, ' ADRIANNE', 'TAN', NULL, '9668460398', NULL, 'DIRECT Resigned', 6, 12, 2, 4),
(14, ' IRENE', 'GALLARDO', NULL, '9454205791', NULL, 'DIRECT Active', 9, 13, 2, 1),
(15, ' CHELSEA CAMERON', 'CASTILLO', NULL, '9982344451', NULL, 'DIRECT Active', 11, 14, 3, 2),
(16, ' JONALYN', 'TERRADO', NULL, '0', NULL, 'DIRECT Active', 9, 15, 2, 1),
(17, ' RENATO JR.', 'TENA', NULL, '9086284825', NULL, 'DIRECT Active', 12, 16, 2, 2),
(18, ' ELISA JANE', 'TIANGCO', NULL, '9276401498', NULL, 'DIRECT Resigned', 8, 17, 2, 5),
(19, ' JIANNE ANTOINETTE', 'URI', NULL, '9953161858', NULL, 'DIRECT Active', 12, 16, 2, 4),
(20, ' JENNIFER', 'PEREZ', NULL, '0', NULL, 'DIRECT Active', 11, 18, 3, 2),
(21, ' JOEFRED', 'MORELOS', NULL, '9176396331', NULL, 'DIRECT Active', 11, 19, 6, 2),
(22, ' MA. JHAME LYN', 'QUEYQUEP', NULL, '9054979044', NULL, 'DIRECT Active', 11, 20, 2, 2),
(23, ' EDENEL', 'SABANDO', NULL, '9474916483', NULL, 'DIRECT Active', 11, 21, 2, 1),
(24, ' ANGELICA', 'VILLAR', NULL, '0', NULL, 'DIRECT Active', 8, 22, 2, 6),
(25, ' CYRUS', 'GONZALES', NULL, '9275585272', NULL, 'DIRECT Active', 13, 23, 2, 7),
(26, ' JUSTIN CARLO', 'SAN JUAN', NULL, '9675876423', NULL, 'DIRECT Active', 12, 16, 2, 2),
(27, ' CYRUS', 'GONZALES', NULL, '9275585272', NULL, 'DIRECT Active', 13, 23, 2, 7),
(28, ' JAYMAR', 'GAGABU-AN', NULL, '9269358255', NULL, 'DIRECT Active', 9, 9, 2, 4),
(29, ' JENNIFER', 'PEREZ', NULL, '0', NULL, 'DIRECT Active', 11, 18, 3, 2),
(30, ' ANGELA KAREN', 'BODINO', NULL, '9157703204', NULL, 'DIRECT Active', 14, 24, 2, 4),
(31, ' PRINCESS', 'SILANGAN', NULL, '9611247759', NULL, 'DIRECT Active', 15, 25, 2, 2),
(32, ' MARK', 'MONTENEGRO', NULL, '9756602509', NULL, 'DIRECT Active', 8, 26, 5, 4),
(33, ' JERLYN', 'COMENDADOR', NULL, '0', NULL, 'DIRECT Active', 16, 27, 2, 2),
(34, ' MARY JOY', 'MANGHARES', NULL, '9205453416', NULL, 'DIRECT Active', 17, 28, 2, 1),
(35, ' MA. FRANS ANN', 'ANCHETA', NULL, '9959209910', NULL, 'DIRECT Active', 11, 29, 2, 1),
(36, ' ANGIE', 'LINGAT', NULL, '9184767212', NULL, 'DIRECT Active', 13, 30, 2, 2),
(37, ' JOSEPHINE', 'QUIMSON', NULL, '9912053955', NULL, 'AGENCY Active', 12, 31, 2, 6),
(38, ' REGINO III', 'PANIS', NULL, '963752403', NULL, 'AGENCY Active', 12, 32, 2, 6),
(39, ' JAGSY', 'VIAA', NULL, '9952310059', NULL, 'DIRECT Active', 11, 33, 2, 3),
(40, ' BERNARD', 'BONDOC', NULL, '9050726619', NULL, 'DIRECT Active', 18, 34, 2, 1),
(41, ' ANGELICA', 'VILLAR', NULL, '0', NULL, 'DIRECT Active', 8, 22, 2, 6),
(42, ' ANDRE JUACQUIM', 'MANALO', NULL, '9398801686', NULL, 'DIRECT Resigned', 11, 19, 6, 2),
(43, ' JOANA REZY', 'dE LA PEA', NULL, '9272510481', NULL, 'DIRECT Active', 19, 35, 2, 1),
(44, ' ELAINE JOYCE', 'JOSE', NULL, '9451730272', NULL, 'DIRECT Active', 12, 36, 2, 2),
(45, ' JOHN CARL ', 'GURDIEL', NULL, '9613785875', NULL, 'AGENCY Active', 12, 32, 2, 2),
(46, ' MAHENDRAN', 'MANIKAM', NULL, '9189029165', NULL, 'DIRECT Active', 2, 2, 2, 1),
(47, ' ADRIANNE', 'TAN', NULL, '9668460398', NULL, 'DIRECT Resigned', 6, 12, 2, 4),
(48, ' JOSEPHINE', 'QUIMSON', NULL, '9912053955', NULL, 'AGENCY Active', 12, 31, 2, 6),
(49, ' GENELEEN', 'ROXAS', NULL, '9276947105', NULL, 'DIRECT Resigned', 14, 37, 2, 7),
(50, ' LEE-ANN', 'PEAFUERTE', NULL, '0', NULL, 'DIRECT Active', 10, 38, 2, 3),
(51, ' JONAMHEL ROSE', 'TINANMBACAN', NULL, '9189799936', NULL, 'DIRECT Active', 20, 39, 2, 2),
(52, ' SHERMAN', 'ONG', NULL, '0', NULL, 'DIRECT Active', 6, 40, 7, 1),
(53, ' NOELLYN', 'RUALES', NULL, '9516988373', NULL, 'DIRECT Active', 21, 41, 2, 6),
(54, ' HARTMANN JOHN', 'DANGUPON', NULL, '9158228020', NULL, 'DIRECT Active', 1, 42, 2, 5),
(55, ' EMERIO MONICO', 'ABELLA', NULL, '9270427872', NULL, 'DIRECT Active', 13, 43, 2, 3),
(56, ' ELTON', 'WILMOT', NULL, '9668457602', NULL, 'DIRECT Active', 1, 44, 2, 4),
(57, ' SHIELA MARIE ANN', 'SAMOT', NULL, '0', NULL, 'DIRECT Resigned', 12, 16, 2, 1),
(58, ' SARAH JANE', 'LEOSALA', NULL, '9774267642', NULL, 'DIRECT Active', 14, 45, 2, 4),
(59, ' ANGELBERT', 'DE RAMOS', NULL, '9455242633', NULL, 'DIRECT Transferred In', 5, 5, 2, 4),
(60, ' JEAHAN', 'TINDOGAN', NULL, '9774481373', NULL, 'DIRECT Active', 14, 46, 2, 4),
(61, ' JAYVIE', 'GESULGA', NULL, '9060052980', NULL, 'DIRECT Active', 12, 16, 2, 7),
(62, ' RAMON ANDREI', 'VASQUEZ', NULL, '9053373682', NULL, 'DIRECT Active', 1, 47, 2, 5),
(63, ' DEBBIE ANN', 'BALASA', NULL, '9367480516', NULL, 'DIRECT Active', 9, 13, 2, 1),
(64, ' MIKHAEL', 'COMIA', NULL, '9063967483', NULL, 'DIRECT Active', 11, 19, 2, 2),
(65, ' JHONAS', 'JOSE', NULL, '9776413950', NULL, 'DIRECT Active', 11, 48, 2, 6),
(66, ' RENALYN', 'YNOT', NULL, '9954310993', NULL, 'DIRECT Active', 10, 49, 2, 4),
(67, ' PHILIP AMOR', 'MIRA', NULL, '9453219974', NULL, 'DIRECT Active', 2, 50, 2, 2),
(68, ' CHERRY', 'CASTANEDA', NULL, '9176521828', NULL, 'DIRECT Active', 10, 10, 5, 2),
(69, ' RACHELLE', 'BRIONES', NULL, '9985947096', NULL, 'DIRECT Active', 6, 51, 2, 1),
(70, ' MILDRED', 'EUSEBIO', NULL, '9998864097', NULL, 'DIRECT Active', 21, 52, 2, 2),
(71, ' NICOLE AUBREY', 'PADILLA', NULL, '9193311164', NULL, 'AGENCY Active', 20, 53, 2, 4),
(72, ' SHIELA MARIE', 'PALMERO', NULL, '9954310873', NULL, 'DIRECT Active', 20, 53, 2, 4),
(73, ' JONA KRISTINE', 'BOLAOS', NULL, '0', NULL, 'DIRECT Active', 12, 54, 2, 4),
(74, ' KIMBERLY', 'ALONSAGAY', NULL, '9399128015', NULL, 'DIRECT Active', 10, 55, 2, 7),
(75, ' ANGELIE', 'DE LEON', NULL, '9083492162', NULL, 'DIRECT Active', 12, 56, 8, 8),
(76, ' LAURENZ', 'TRINIDAD', NULL, '9158869731', NULL, 'DIRECT Active', 6, 57, 2, 3),
(77, ' ALYSSA MAY', 'CABRAL', NULL, '9156469773', NULL, 'DIRECT Active', 21, 38, 2, 2),
(78, ' NICOLE BENNET', 'BARADAS', NULL, '9568991621', NULL, 'DIRECT Active', 12, 36, 2, 2),
(79, ' MUAMMAR', 'TAPANG', NULL, '9073495933', NULL, 'DIRECT Active', 22, 58, 2, 2),
(80, ' MARY ROSE', 'DICON', NULL, '9158710873', NULL, 'DIRECT Active', 12, 54, 2, 7),
(81, ' JOYCE ANDREA', 'MANGABAT', NULL, '9127946703', NULL, 'DIRECT Resigned', 12, 16, 2, 7),
(82, ' DANIELLE', 'DELOS SANTOS', NULL, '9655474762', NULL, 'DIRECT Active', 23, 59, 2, 1),
(83, ' ROBINA', 'YU', NULL, '9175583872', NULL, 'DIRECT Active', 14, 24, 2, 3),
(84, ' MARIA CLARISS', 'SANTIAGO', NULL, '9171607584', NULL, 'DIRECT Active', 14, 24, 2, 3),
(85, ' RUSSEL', 'AUSTRIA', NULL, '9985947102', NULL, 'DIRECT Active', 6, 40, 2, 1),
(86, ' ALMA', 'ESPNO', NULL, '9778195327', NULL, 'DIRECT ', 8, 60, 9, 4),
(87, ' JAMES', 'BALINGIT', NULL, '9706130000', NULL, 'DIRECT Active', 8, 8, 2, 5),
(88, ' MARILYN', 'FRANCO', NULL, '9563971223', NULL, 'DIRECT Active', 23, 61, 2, 2),
(89, ' KIMBERLENE', 'BERNUS', NULL, '9162935187', NULL, 'DIRECT Active', 21, 62, 2, 2),
(90, ' MARIE KRISTINE', 'ADEA', NULL, '9985848950', NULL, 'DIRECT Active', 14, 24, 2, 3),
(91, ' HAZEL', 'DELOS SANTOS', NULL, '9068454667', NULL, 'DIRECT Active', 21, 62, 2, 2),
(92, ' NICOLE BENNET', 'BARADAS', NULL, '9568991621', NULL, 'DIRECT Active', 12, 36, 2, 2),
(93, ' KYLA MARIE', 'DIVINAGRACIA', NULL, '9227693489', NULL, 'DIRECT Active', 16, 27, 2, 2),
(94, ' KIM DENISE', 'CANONOY', NULL, '9563200056', NULL, 'DIRECT Active', 14, 45, 2, 2),
(95, ' MILAGROS ROSARIO', 'MONTALLANA', NULL, '9150415697', NULL, 'DIRECT Active', 8, 27, 2, 2),
(96, ' EAZEL', 'BARADAS', NULL, '9459758883', NULL, 'DIRECT Active', 8, 27, 2, 2),
(97, ' FRANCIS CARL', 'MELAO', NULL, '9171760391', NULL, 'DIRECT Active', 23, 59, 2, 2),
(98, ' EIZZEL MARIE', 'SAMSON', NULL, '9764037366', NULL, 'DIRECT Active', 12, 54, 2, 2),
(99, ' ARIES', 'MARCAIDA', NULL, '9276479369', NULL, 'DIRECT Active', 10, 55, 2, 1),
(100, ' JOEL', 'ESTOESTA', NULL, '9261545221', NULL, 'DIRECT Active', 10, 63, 2, 1),
(101, ' CLARISSE JAMES PEARL', 'ESCOTO', NULL, '9565291729', NULL, 'DIRECT Active', 24, 30, 2, 4),
(102, ' NIDA', 'GERONIMO', NULL, '9176520527', NULL, 'DIRECT Active', 9, 64, 2, 1),
(103, ' JALENE', 'FERRER', NULL, '9434131559', NULL, 'DIRECT Active', 9, 65, 2, 2),
(104, ' SHARALYN', 'GRANADA', NULL, '9351873736', NULL, 'DIRECT Active', 14, 66, 2, 1),
(105, ' JERMAINE', 'PENASO', NULL, '9935371680', NULL, 'AGENCY Active', 20, 53, 2, 6),
(106, ' JOYLYN', 'HELBALIGA', NULL, '9614547833', NULL, 'DIRECT Resigned', 20, 67, 2, 6),
(107, ' ABIGAIL', 'NAVARRO', NULL, '9459928894', NULL, 'AGENCY Active', 20, 53, 2, 6),
(108, ' ARNE MARIE', 'BULA', NULL, '9196486745', NULL, 'DIRECT Active', 20, 53, 2, 6),
(109, ' ALEAH JOY', 'BELTRAN', NULL, '0', NULL, 'AGENCY Active', 20, 53, 2, 2),
(110, ' KIMBERLY', 'GUBAN ', NULL, '9072091773', NULL, 'AGENCY Active', 20, 53, 2, 6),
(111, ' RACQUEL', 'ARJONA', NULL, '9985900402', NULL, 'DIRECT Active', 10, 68, 2, 2),
(112, ' JUNELLE MAE', 'PAJO', NULL, '9182551972', NULL, 'DIRECT Resigned', 20, 39, 2, 6),
(113, ' JOANA', 'VILLANUEVA', NULL, '9664597653', NULL, 'AGENCY Active', 20, 53, 2, 6),
(114, ' FIONNAH MARIE', 'MARAON', NULL, '9361021837', NULL, 'DIRECT Active', 13, 69, 2, 2),
(115, ' RHODORA', 'DE LEON', NULL, '9989852874', NULL, 'DIRECT Active', 20, 70, 2, 1),
(116, ' JOSEPH', 'GIANAN', NULL, '9157305442', NULL, 'DIRECT Active', 8, 71, 2, 3),
(117, ' MA. ISABEL', 'RIVERA', NULL, '9553100283', NULL, 'DIRECT Active', 13, 72, 2, 2),
(118, ' DIVINE GRACE', 'ONG', NULL, '0', NULL, 'DIRECT Active', 13, 30, 2, 2),
(119, ' EUNICE', 'MOLITO', NULL, '9273813006', NULL, 'DIRECT Active', 14, 24, 2, 4),
(120, ' JOANNA IRIS', 'STA. TERESA', NULL, '9177260225', NULL, 'DIRECT Active', 2, 73, 2, 2),
(121, ' CAMILLE', 'LACHICA', NULL, '0', NULL, 'DIRECT Active', 12, 74, 2, 6),
(122, ' MATTHEW', 'ANTIVOLA', NULL, '9391951500', NULL, 'DIRECT Active', 24, 75, 2, 3),
(123, ' RAVENE JAMES', 'DELLOMAS', NULL, '9184017126', NULL, 'DIRECT Active', 24, 72, 2, 3),
(124, ' MARK JOSEPH', 'SANTOS', NULL, '9054303537', NULL, 'DIRECT Active', 7, 76, 2, 4),
(125, ' MARLON', 'MAJADAS', NULL, '9455219471', NULL, 'DIRECT Active', 8, 77, 2, 1),
(126, ' ERICA MARIE MILLEN', 'DAEP', NULL, '9624200442', NULL, 'DIRECT Active', 20, 78, 2, 4),
(127, ' RONA FAITH', 'VILLANUEVA', NULL, '9076479827', NULL, 'DIRECT Active', 20, 53, 2, 4),
(128, ' JONALLY', 'DE QUIROZ', NULL, '9103609931', NULL, 'DIRECT Active', 20, 53, 2, 4),
(129, ' JHOBETH', 'BENEMERITO', NULL, '9452043991', NULL, 'DIRECT Active', 25, 79, 2, 4),
(130, ' MA. ANGELICA', 'CRUZ', NULL, '0', NULL, 'DIRECT Active', 16, 27, 2, 2),
(131, ' MARY JOY', 'GUINANAO', NULL, '9319553017', NULL, 'DIRECT Active', 20, 53, 2, 1),
(132, ' ROQUESSA MARIE', 'TINA', NULL, '9190846328', NULL, 'DIRECT Active', 9, 13, 2, 5),
(133, ' LEO', 'GALVANTE', NULL, '9673465222', NULL, 'DIRECT Active', 2, 80, 2, 3),
(134, ' JOY', 'DORADO', NULL, '9858694548', NULL, 'DIRECT Active', 9, 9, 2, 5),
(135, ' JOY', 'DORADO', NULL, '9858694548', NULL, 'DIRECT Active', 9, 9, 2, 5),
(136, ' JOCELYN', 'DULAY', NULL, '9972179521', NULL, 'DIRECT Active', 2, 81, 2, 6),
(137, ' JEAHAN', 'TINDOGAN', NULL, '9774481373', NULL, 'DIRECT Active', 14, 46, 2, 4),
(138, ' JHOBETH', 'BENEMERITO', NULL, '9452043991', NULL, 'DIRECT Active', 25, 79, 2, 4),
(139, ' RENALYN', 'YNOT', NULL, '9954310993', NULL, 'DIRECT Active', 10, 49, 2, 4),
(140, ' RACQUEL', 'ARJONA', NULL, '9985900402', NULL, 'DIRECT Active', 10, 68, 2, 2),
(141, ' CLARICE', 'CECE', NULL, '9705192084', NULL, 'DIRECT Active', 1, 82, 2, 2),
(142, ' MERYL', 'BADAJOS', NULL, '9956238377', NULL, 'DIRECT Active', 14, 24, 2, 4),
(143, ' HAIL JADE NICOLE', 'GONZALES', NULL, '9564725763', NULL, 'DIRECT Active', 11, 14, 2, 1),
(144, ' AYRIS CRISELDA', 'AGNO', NULL, '9624426933', NULL, 'DIRECT Active', 11, 83, 2, 4),
(145, ' ADRIAN JOHN', 'LACAP', NULL, '9364776621', NULL, 'DIRECT Active', 11, 19, 2, 1),
(146, ' DONNA', 'GONZAGA', NULL, '9989123518', NULL, 'DIRECT Active', 14, 84, 2, 4),
(147, ' JONA KRISTINE', 'BOLAOS', NULL, '0', NULL, 'DIRECT Active', 12, 54, 2, 4),
(148, ' JONA KRISTINE', 'BOLAOS', NULL, '0', NULL, 'DIRECT Active', 12, 54, 2, 4),
(149, ' JHASMINE', 'AZUPARDO', NULL, '9175151093', NULL, 'DIRECT Active', 26, 85, 2, 1),
(150, ' ARLENE', 'TAMBONGCO', NULL, '9985992984', NULL, 'DIRECT Active', 14, 66, 2, 1),
(151, ' KEVIN', 'RAMOS', NULL, '9056293675', NULL, 'DIRECT Active', 6, 86, 2, 2),
(152, ' VINABIE', 'PUO', NULL, '0', NULL, 'DIRECT Active', 12, 74, 2, 6),
(153, ' CHRISTIAN DAVE', 'SABAS', NULL, '0', NULL, 'DIRECT Active', 6, 87, 2, 3),
(154, ' CHRISTIAN', 'ARGOTE', NULL, '0', NULL, 'DIRECT Active', 6, 57, 8, 3),
(155, ' JOHN CHRISTIAN', 'ALLAREY', NULL, '0', NULL, 'DIRECT Active', 6, 88, 2, 1),
(156, ' BRYAN', 'DELA CRUZ', NULL, '9319283489', NULL, 'AGENCY Active', 7, 89, 2, 1),
(157, ' FATIMA JOYCE', 'SOLIS', NULL, '9061261275', NULL, 'DIRECT Active', 24, 90, 2, 1),
(158, ' JEROME', 'FUENTES', NULL, '961080928', NULL, 'DIRECT Active', 27, 91, 2, 4),
(159, ' ARNE MARIE', 'BULA', NULL, '9196486745', NULL, 'DIRECT Active', 20, 53, 2, 6),
(160, ' NICOLE BENNET', 'BARADAS', NULL, '9568991621', NULL, 'DIRECT Active', 12, 36, 2, 2),
(161, ' JEAN CARLO', 'MARQUEZ', NULL, '9166376393', NULL, 'DIRECT Active', 11, 92, 2, 1),
(162, ' JOYME', 'ROJAS', NULL, '9494281900', NULL, 'DIRECT Active', 11, 19, 2, 1),
(163, ' GISSELLE', 'RESSURRECCION', NULL, '9753562635', NULL, 'DIRECT Active', 4, 4, 2, 1),
(164, ' HANNAH', 'VALENTINO', NULL, '0', NULL, 'DIRECT Active', 4, 4, 2, 1),
(165, ' LEE-ANN', 'PEAFUERTE', NULL, '0', NULL, 'DIRECT Active', 10, 38, 2, 3),
(166, ' LEO', 'GALVANTE', NULL, '9673465222', NULL, 'DIRECT Active', 2, 80, 2, 3),
(167, ' LEE-ANN', 'PEAFUERTE', NULL, '0', NULL, 'DIRECT Active', 10, 38, 2, 3),
(168, ' HENRY', 'DELLO', NULL, '9669037104', NULL, 'DIRECT Active', 1, 42, 2, 4),
(169, ' PRECIOUS EUNICE', 'BAUTISTA', NULL, '9085499793', NULL, 'DIRECT Active', 1, 42, 2, 5),
(170, ' MA. ROSARIO', 'ARCE', NULL, '9190811413', NULL, 'DIRECT Active', 2, 93, 2, 2),
(171, ' AIRA DENISE', 'MARIANO', NULL, '9354387683', NULL, 'DIRECT Active', 12, 16, 2, 5),
(172, ' JOCELYN', 'DULAY', NULL, '9972179521', NULL, 'DIRECT Active', 2, 81, 2, 6),
(173, ' NERILIZA', 'DOMINGO', NULL, '9662835272', NULL, 'DIRECT Active', 14, 94, 2, 4),
(174, ' MARILOU', 'PORMENTO', NULL, '9750192575', NULL, 'DIRECT Active', 14, 37, 2, 4),
(175, ' MA. REGINE JOYCE', 'AGDON y Adalem', NULL, '9459903175', NULL, 'DIRECT Active', 28, 95, 10, 4),
(176, ' MICHALLE', 'CABINTA', NULL, '9954424005', NULL, 'DIRECT Active', 14, 96, 2, 4),
(177, ' MICHAEL', 'ADORACION', NULL, '9185674975', NULL, 'DIRECT Active', 18, 97, 2, 5),
(178, ' ELAINE JOYCE', 'JOSE', NULL, '9451730272', NULL, 'DIRECT Active', 12, 36, 2, 2),
(179, ' MELBA', 'SOLAYO', NULL, '9062743464', NULL, 'AGENCY Active', 14, 98, 2, 1),
(180, ' LOVELLE CARLA', 'QUINTERO', NULL, '9989902571', NULL, 'DIRECT Active', 14, 37, 2, 1),
(181, ' CHRISTINE', 'LANDICHO', NULL, '9479910868', NULL, 'DIRECT Active', 14, 37, 2, 1),
(182, ' SHEENA MAE', 'PEREZ', NULL, '9195433424', NULL, 'DIRECT Active', 14, 37, 2, 1),
(183, ' MARY GRACE', 'CEREMONIA', NULL, '9274153692', NULL, 'DIRECT Active', 14, 37, 2, 1),
(184, ' BERNARD', 'BONDOC', NULL, '9050726619', NULL, 'DIRECT Active', 18, 34, 2, 1),
(185, ' GENNALYN', 'ANCHETA', NULL, '9663890672', NULL, 'DIRECT Resigned', 14, 37, 2, 1),
(186, ' ANJO JAN', 'PEREZ', NULL, '9614815904', NULL, 'DIRECT Active', 14, 37, 2, 1),
(187, ' REAN', 'GONZAGA', NULL, '9567251693', NULL, 'AGENCY Active', 14, 98, 2, 1),
(188, ' JOHN FREDERICK', 'BANTING', NULL, '9507783869', NULL, 'DIRECT Resigned', 1, 42, 2, 4),
(189, ' MARIAN', 'BIO', NULL, '9974537678', NULL, 'DIRECT Resigned', 11, 14, 2, 1),
(190, ' BABARAN', 'RAFAELA JANNA', NULL, '0', NULL, 'DIRECT Active', 11, 19, 2, 2),
(191, ' JULIAN MIGUEL', 'DELFIN', NULL, '9176823223', NULL, 'DIRECT Active', 23, 99, 2, 1),
(192, ' EAZEL', 'BARADAS', NULL, '9459758883', NULL, 'DIRECT Active', 8, 27, 2, 2),
(193, ' LIEZEL MAE', 'DIAZ', NULL, '9812823486', NULL, 'DIRECT Active', 20, 100, 2, 1),
(194, ' ERICA MARIE MILLEN', 'DAEP', NULL, '9624200442', NULL, 'DIRECT Active', 20, 78, 2, 4),
(195, ' KAYLA MARIE', 'MIRANDA', NULL, '9457987448', NULL, 'DIRECT Active', 12, 16, 2, 2),
(196, ' SHERWIN', 'CHICA', NULL, '0', NULL, 'DIRECT Resigned', 6, 40, 10, 4),
(197, ' MILAGROS ROSARIO', 'MONTALLANA', NULL, '9150415697', NULL, 'DIRECT Active', 8, 27, 2, 2),
(198, ' JEROME', 'NAGTALON', NULL, '9399521002', NULL, 'DIRECT Active', 20, 100, 2, 1),
(199, ' JOSE SONNY Jr.', 'DICON', NULL, '9473711220', NULL, 'DIRECT Active', 18, 101, 2, 1),
(200, ' MERYL', 'BADAJOS', NULL, '9956238377', NULL, 'DIRECT Active', 14, 24, 2, 4),
(201, ' JAN ANBER AARON', 'ENRIQUEZ', NULL, '961212115', NULL, 'DIRECT Active', 19, 102, 2, 1),
(202, ' VANESSA', 'BAUZON-CRISOL', NULL, '0', NULL, 'DIRECT Active', 19, 103, 2, 1),
(203, ' CATHERINE', 'ORAYLE', NULL, '9989681600', NULL, 'DIRECT Active', 12, 104, 2, 4),
(204, ' SHARA MAE', 'SARET', NULL, '9267756220', NULL, 'DIRECT Active', 14, 105, 2, 7),
(205, ' LEIZL', 'BUENAFLOR', NULL, '0', NULL, 'DIRECT Active', 14, 106, 2, 1),
(206, ' RODELIZA', 'POPIOCO', NULL, '9476218699', NULL, 'DIRECT Active', 11, 19, 2, 2),
(207, ' HAIL JADE NICOLE', 'GONZALES', NULL, '9564725763', NULL, 'DIRECT Active', 11, 14, 2, 1),
(208, ' AIRA', 'BARTOLOME', NULL, '9190081816', NULL, 'DIRECT Resigned', 11, 107, 2, 1),
(209, ' CLARISSA JANE', 'PASUMBAL', NULL, '0', NULL, 'DIRECT Active', 16, 27, 2, 2),
(210, ' BEVERLY', 'ROMA', NULL, '9611719778', NULL, 'DIRECT Active', 20, 99, 2, 5),
(211, ' KRISHA', 'ESTANQUE', NULL, '9566652669', NULL, 'DIRECT Active', 1, 108, 2, 3),
(212, ' AIRA', 'ARINQUE', NULL, '9154829262', NULL, 'DIRECT Active', 14, 45, 2, 4),
(213, ' CHRIS JOHN', 'TRIA', NULL, '9199133328', NULL, 'DIRECT Active', 9, 109, 2, 5),
(214, ' SARAH', 'PERONA', NULL, '9617427277', NULL, 'DIRECT Active', 2, 110, 2, 9),
(215, ' RYAN JAY', 'MEDINA', NULL, '56213528', NULL, 'DIRECT Active', 16, 111, 7, 9),
(216, ' JOHN HENRIE', 'DOMINGO', NULL, '9669523870', NULL, 'DIRECT Active', 14, 112, 2, 1),
(217, ' BRIAN', 'PELAYO', NULL, '9150084176', NULL, 'DIRECT Active', 8, 113, 2, 2),
(218, ' RACHELLE', 'AGUACITO', NULL, '9458438098', NULL, 'DIRECT Active', 8, 114, 11, 8),
(219, ' AIRA', 'SALEN', NULL, '9197734333', NULL, 'DIRECT Active', 8, 115, 2, 8),
(220, ' JAZ', 'MONREAL', NULL, '9317657670', NULL, 'DIRECT Active', 8, 116, 2, 8),
(221, ' RICHMOND', 'PANGAN', NULL, '9317657670', NULL, 'DIRECT Active', 8, 117, 2, 8),
(222, ' ONIL', 'GARCELAZO', NULL, '9561304754', NULL, 'DIRECT Active', 8, 118, 2, 8),
(223, ' RENEA FAYE', 'INTAL', NULL, '9166544044', NULL, 'DIRECT Active', 8, 119, 2, 8),
(224, ' JAEN MARIE ', 'COOK', NULL, '9812790325', NULL, 'DIRECT Active', 8, 119, 2, 8),
(225, ' ANGELICA', 'VILLAR', NULL, '0', NULL, 'DIRECT Active', 8, 22, 2, 6),
(226, ' MA. ROSARIO', 'ARCE', NULL, '9190811413', NULL, 'DIRECT Active', 2, 93, 2, 2),
(227, ' MARC NICHOLAS', 'FULE', NULL, '9064817611', NULL, 'DIRECT Active', 2, 114, 12, 8),
(228, ' OLIVIA KRISTINE', 'PAKINGAN', NULL, '9998871696', NULL, 'DIRECT Active', 16, 8, 2, 6),
(229, ' KIM', 'PORRAS', NULL, '9985889693', NULL, 'DIRECT Active', 27, 120, 2, 2),
(230, ' BEVERLY', 'ROMA', NULL, '9611719778', NULL, 'DIRECT Active', 20, 99, 2, 5),
(231, ' ELAINE JOYCE', 'JOSE', NULL, '9451730272', NULL, 'DIRECT Active', 12, 36, 2, 2),
(232, ' JHAEL', 'MANUEL', NULL, '9338192789', NULL, 'DIRECT Active', 16, 8, 2, 7),
(233, ' ESPERANZA', 'BORDEOS', NULL, '9285693152', NULL, 'DIRECT Resigned', 12, 121, 2, 1),
(234, ' ILONAH JEAN', 'GARDOCE', NULL, '9214662862', NULL, 'DIRECT Active', 14, 106, 2, 1),
(235, ' JOSHUA', 'TALADUA', NULL, '9771562122', NULL, 'DIRECT Active', 14, 122, 2, 1),
(236, ' KARMINA LOUDETTE', 'MANGAY', NULL, '9173170497 & 9771633713', NULL, 'DIRECT Active', 14, 37, 2, 1),
(237, ' SHIELA MARIE ANN', 'SAMOT', NULL, '0', NULL, 'DIRECT Resigned', 12, 16, 2, 1),
(238, ' KAYLA MARIE', 'MIRANDA', NULL, '9457987448', NULL, 'DIRECT Active', 12, 16, 2, 2),
(239, ' JANE VERDIN', 'FERIA', NULL, '9362692060', NULL, 'DIRECT Active', 12, 16, 2, 6),
(240, ' LOUISE', 'GUEVARRA', NULL, '9777669564', NULL, 'DIRECT Active', 11, 123, 2, 1),
(241, ' FATIMA JOYCE', 'SOLIS', NULL, '9061261275', NULL, 'DIRECT Active', 24, 90, 2, 1),
(242, ' LEIZL', 'BUENAFLOR', NULL, '0', NULL, 'DIRECT Active', 14, 106, 2, 1),
(243, ' PATRICIA FEY', 'DIMAANO', NULL, '9050726619', NULL, 'DIRECT Active', 18, 124, 2, 1),
(244, ' ANDRE JUACQUIM', 'MANALO', NULL, '9398801686', NULL, 'DIRECT Resigned', 11, 19, 6, 2),
(245, ' MIKHAEL', 'COMIA', NULL, '9063967483', NULL, 'DIRECT Active', 11, 19, 2, 2),
(246, ' MUAMMAR', 'TAPANG', NULL, '9073495933', NULL, 'DIRECT Active', 22, 58, 2, 2),
(247, ' GLAIZA', 'PERNITO', NULL, '9985378874', NULL, 'DIRECT Active', 9, 109, 2, 3),
(248, ' JOEFRED', 'MORELOS', NULL, '9176396331', NULL, 'DIRECT Active', 11, 19, 6, 2),
(249, ' JERLYN', 'COMENDADOR', NULL, '0', NULL, 'DIRECT Active', 16, 27, 2, 2),
(250, ' MA. ANGELICA', 'CRUZ', NULL, '0', NULL, 'DIRECT Active', 16, 27, 2, 2),
(251, ' CLARISSA JANE', 'PASUMBAL', NULL, '0', NULL, 'DIRECT Active', 16, 27, 2, 2),
(252, ' MICHELLE', 'SIMPLINA', NULL, '9050726619', NULL, 'DIRECT Active', 18, 124, 2, 1),
(253, ' RHEAMAE CRISTY', 'LAVADOR', NULL, '9050726619', NULL, 'DIRECT Active', 18, 124, 2, 1),
(254, ' LOVE', 'FERNANDEZ', NULL, '9171822983', NULL, 'DIRECT Active', 11, 125, 2, 2),
(255, ' IVY', 'PROVIDO', NULL, '9998864104', NULL, 'DIRECT Active', 8, 8, 2, 4),
(256, ' MICHAEL', 'REYES', NULL, '9176740909', NULL, 'DIRECT Active', 8, 8, 2, 4),
(257, ' KYLA MARIZ', 'SIBONGA', NULL, '9050726619', NULL, 'DIRECT Active', 18, 124, 2, 1),
(258, ' ANGEL MARIE GRACE', 'AMIHAN', NULL, '9050726619', NULL, 'DIRECT Active', 18, 124, 2, 1),
(259, ' BERNARD', 'BONDOC', NULL, '9050726619', NULL, 'DIRECT Active', 18, 34, 2, 1),
(260, ' JAN ROSE', 'FIGUERA', NULL, '9050726619', NULL, 'DIRECT Active', 18, 124, 2, 1),
(261, 'Lance', 'Bernal', 'R.', '09695295926', 'lancewrt@gmail.com', 'direct', 11, 60, 2, 4);

-- --------------------------------------------------------

--
-- Table structure for table `location`
--

CREATE TABLE `location` (
  `loc_id` int(11) NOT NULL,
  `loc_name` varchar(255) NOT NULL
) ENGINE=InnoDB DEFAULT CHARSET=utf8mb4 COLLATE=utf8mb4_general_ci;

--
-- Dumping data for table `location`
--

INSERT INTO `location` (`loc_id`, `loc_name`) VALUES
(1, 'AH LIBIS'),
(8, 'EVIA'),
(2, 'HO LAS PIAS'),
(3, 'HQ MOLINO'),
(6, 'HQ SOMO'),
(12, 'KC EVIA'),
(11, 'KINDER CITY SOMO'),
(4, 'NORTH AREA'),
(7, 'SOMO'),
(9, 'SOUTH AREA'),
(5, 'WAREHOUSE'),
(10, 'WCC');

--
-- Indexes for dumped tables
--

--
-- Indexes for table `assignment`
--
ALTER TABLE `assignment`
  ADD PRIMARY KEY (`ass_id`),
  ADD KEY `FKassignment924059` (`emp_id`),
  ADD KEY `FKassignment475159` (`device_id`);

--
-- Indexes for table `business_unit`
--
ALTER TABLE `business_unit`
  ADD PRIMARY KEY (`bu_id`),
  ADD UNIQUE KEY `bu_name` (`bu_name`);

--
-- Indexes for table `department`
--
ALTER TABLE `department`
  ADD PRIMARY KEY (`dept_id`),
  ADD UNIQUE KEY `dept_name` (`dept_name`);

--
-- Indexes for table `designation`
--
ALTER TABLE `designation`
  ADD PRIMARY KEY (`des_id`),
  ADD UNIQUE KEY `des_name` (`des_name`);

--
-- Indexes for table `device`
--
ALTER TABLE `device`
  ADD PRIMARY KEY (`device_id`);

--
-- Indexes for table `employee`
--
ALTER TABLE `employee`
  ADD PRIMARY KEY (`emp_id`),
  ADD KEY `FKemployee585754` (`loc_id`),
  ADD KEY `FKemployee748922` (`bu_id`),
  ADD KEY `FKemployee855105` (`dept_id`),
  ADD KEY `FKemployee995313` (`des_id`);

--
-- Indexes for table `location`
--
ALTER TABLE `location`
  ADD PRIMARY KEY (`loc_id`),
  ADD UNIQUE KEY `loc_name` (`loc_name`);

--
-- AUTO_INCREMENT for dumped tables
--

--
-- AUTO_INCREMENT for table `assignment`
--
ALTER TABLE `assignment`
  MODIFY `ass_id` int(11) NOT NULL AUTO_INCREMENT, AUTO_INCREMENT=512;

--
-- AUTO_INCREMENT for table `business_unit`
--
ALTER TABLE `business_unit`
  MODIFY `bu_id` int(11) NOT NULL AUTO_INCREMENT, AUTO_INCREMENT=10;

--
-- AUTO_INCREMENT for table `department`
--
ALTER TABLE `department`
  MODIFY `dept_id` int(11) NOT NULL AUTO_INCREMENT, AUTO_INCREMENT=30;

--
-- AUTO_INCREMENT for table `designation`
--
ALTER TABLE `designation`
  MODIFY `des_id` int(11) NOT NULL AUTO_INCREMENT, AUTO_INCREMENT=126;

--
-- AUTO_INCREMENT for table `device`
--
ALTER TABLE `device`
  MODIFY `device_id` int(11) NOT NULL AUTO_INCREMENT, AUTO_INCREMENT=392;

--
-- AUTO_INCREMENT for table `employee`
--
ALTER TABLE `employee`
  MODIFY `emp_id` int(11) NOT NULL AUTO_INCREMENT, AUTO_INCREMENT=262;

--
-- AUTO_INCREMENT for table `location`
--
ALTER TABLE `location`
  MODIFY `loc_id` int(11) NOT NULL AUTO_INCREMENT, AUTO_INCREMENT=23;

--
-- Constraints for dumped tables
--

--
-- Constraints for table `assignment`
--
ALTER TABLE `assignment`
  ADD CONSTRAINT `FKassignment475159` FOREIGN KEY (`device_id`) REFERENCES `device` (`device_id`),
  ADD CONSTRAINT `FKassignment924059` FOREIGN KEY (`emp_id`) REFERENCES `employee` (`emp_id`);

--
-- Constraints for table `employee`
--
ALTER TABLE `employee`
  ADD CONSTRAINT `FKemployee585754` FOREIGN KEY (`loc_id`) REFERENCES `location` (`loc_id`) ON DELETE CASCADE ON UPDATE CASCADE,
  ADD CONSTRAINT `FKemployee748922` FOREIGN KEY (`bu_id`) REFERENCES `business_unit` (`bu_id`) ON DELETE CASCADE ON UPDATE CASCADE,
  ADD CONSTRAINT `FKemployee855105` FOREIGN KEY (`dept_id`) REFERENCES `department` (`dept_id`) ON DELETE CASCADE ON UPDATE CASCADE,
  ADD CONSTRAINT `FKemployee995313` FOREIGN KEY (`des_id`) REFERENCES `designation` (`des_id`) ON DELETE CASCADE ON UPDATE CASCADE;
COMMIT;

/*!40101 SET CHARACTER_SET_CLIENT=@OLD_CHARACTER_SET_CLIENT */;
/*!40101 SET CHARACTER_SET_RESULTS=@OLD_CHARACTER_SET_RESULTS */;
/*!40101 SET COLLATION_CONNECTION=@OLD_COLLATION_CONNECTION */;
